Evid,Magnitude,Magnitude Type,Epoch(UTC),Time UTC,Time Local,Distance From,Lat,Lon,Depth Km,Depth Mi
62005917,1.0,l,1718078745.04,2024/06/11 04:05:45,2024/06/10 21:05:45 PDT,"1.9 km from Mt Rainier, WA",46.8385,-121.7720,-1.7,-1.0
62005912,1.4,l,1718077304.62,2024/06/11 03:41:44,2024/06/10 20:41:44 PDT,"13.5 km from Mt Rainier, WA",46.8593,-121.9368,6.5,4.1
62005692,1.5,l,1718017881.58,2024/06/10 11:11:21,2024/06/10 04:11:21 PDT,"14.7 km from Mt Rainier, WA",46.9345,-121.9127,9.4,5.8
62005672,0.2,l,1717999064.72,2024/06/10 05:57:44,2024/06/09 22:57:44 PDT,"8.6 km from Mt Rainier, WA",46.8125,-121.8565,3.1,1.9
62005642,0.8,l,1717980213.81,2024/06/10 00:43:33,2024/06/09 17:43:33 PDT,"24.3 km from Mt Rainier, WA",46.6428,-121.8440,5.0,3.1
62005487,0.3,l,1717927141.09,2024/06/09 09:59:01,2024/06/09 02:59:01 PDT,"17.4 km from Mt Rainier, WA",46.9288,-121.9605,12.5,7.8
62005117,1.8,l,1717826626.84,2024/06/08 06:03:46,2024/06/07 23:03:46 PDT,"16.7 km from Mt Rainier, WA",46.978,-121.8828,11.1,6.9
62012166,0.4,l,1717485640.89,2024/06/04 07:20:40,2024/06/04 00:20:40 PDT,"1.6 km from Mt Rainier, WA",46.8402,-121.7685,0.2,0.1
62011641,0.5,l,1717377465.01,2024/06/03 01:17:45,2024/06/02 18:17:45 PDT,"0.9 km from Mt Rainier, WA",46.8472,-121.7667,0.2,0.1
62011466,0.2,l,1717342088.42,2024/06/02 15:28:08,2024/06/02 08:28:08 PDT,"1.1 km from Mt Rainier, WA",46.8448,-121.7685,-1.5,-0.9
62011061,0.3,l,1717212837.58,2024/06/01 03:33:57,2024/05/31 20:33:57 PDT,"18.4 km from Mt Rainier, WA",46.6895,-121.7962,5.1,3.2
62010811,0.2,l,1717120812.19,2024/05/31 02:00:12,2024/05/30 19:00:12 PDT,"13.9 km from Mt Rainier, WA",46.8597,-121.9420,6.9,4.3
62010616,0.4,l,1717087739.74,2024/05/30 16:48:59,2024/05/30 09:48:59 PDT,"18.4 km from Mt Rainier, WA",46.7125,-121.8873,9.5,5.9
62010451,1.4,l,1717018567.9,2024/05/29 21:36:07,2024/05/29 14:36:07 PDT,"26.0 km from Goat Rocks, WA",46.7463,-121.5128,4.6,2.8
62010196,0.8,l,1716985428.76,2024/05/29 12:23:48,2024/05/29 05:23:48 PDT,"16.0 km from Mt Rainier, WA",46.8693,-121.9687,9.2,5.7
62009851,0.3,l,1716915334.93,2024/05/28 16:55:34,2024/05/28 09:55:34 PDT,"18.1 km from Mt Rainier, WA",46.944,-121.9578,12.5,7.8
62009666,0.1,l,1716859786.76,2024/05/28 01:29:46,2024/05/27 18:29:46 PDT,"0.5 km from Mt Rainier, WA",46.8562,-121.7645,0.7,0.4
62009596,0.5,l,1716841612,2024/05/27 20:26:52,2024/05/27 13:26:52 PDT,"14.4 km from Mt Rainier, WA",46.8845,-121.9433,12.5,7.8
62009536,0.3,l,1716825472.32,2024/05/27 15:57:52,2024/05/27 08:57:52 PDT,"14.1 km from Mt Rainier, WA",46.8808,-121.9405,13.4,8.3
62009276,1.0,l,1716709473.8,2024/05/26 07:44:33,2024/05/26 00:44:33 PDT,"1.0 km from Mt Rainier, WA",46.8462,-121.7673,0.6,0.4
62009061,1.4,l,1716673034.67,2024/05/25 21:37:14,2024/05/25 14:37:14 PDT,"14.7 km from Mt Rainier, WA",46.8847,-121.9467,13.0,8.1
62008906,0.3,l,1716635903.67,2024/05/25 11:18:23,2024/05/25 04:18:23 PDT,"18.1 km from Mt Rainier, WA",46.9433,-121.9583,12.5,7.7
62008636,0.8,l,1716560916.79,2024/05/24 14:28:36,2024/05/24 07:28:36 PDT,"24.0 km from Mt Rainier, WA",46.6547,-121.8837,0.3,0.2
62008521,0.2,l,1716513875.11,2024/05/24 01:24:35,2024/05/23 18:24:35 PDT,"17.7 km from Mt Rainier, WA",46.935,-121.9595,11.2,7.0
62008431,0.5,l,1716496277.05,2024/05/23 20:31:17,2024/05/23 13:31:17 PDT,"13.2 km from Mt Rainier, WA",46.8415,-121.9318,6.9,4.3
62008376,2.3,l,1716486623.16,2024/05/23 17:50:23,2024/05/23 10:50:23 PDT,"14.3 km from Mt Rainier, WA",46.8815,-121.9423,11.9,7.4
61999697,0.3,l,1716315763.69,2024/05/21 18:22:43,2024/05/21 11:22:43 PDT,"0.3 km from Mt Rainier, WA",46.8543,-121.7643,0.9,0.6
61999317,0.5,l,1716200489.41,2024/05/20 10:21:29,2024/05/20 03:21:29 PDT,"14.7 km from Mt Rainier, WA",46.737,-121.8512,1.7,1.0
62006176,1.9,l,1715882514.03,2024/05/16 18:01:54,2024/05/16 11:01:54 PDT,"13.7 km from Mt Rainier, WA",46.8338,-121.9378,10.2,6.3
62005891,0.4,l,1715781170.53,2024/05/15 13:52:50,2024/05/15 06:52:50 PDT,"0.6 km from Mt Rainier, WA",46.8535,-121.7677,0.6,0.4
62005861,0.5,l,1715740398.18,2024/05/15 02:33:18,2024/05/14 19:33:18 PDT,"15.5 km from Mt Rainier, WA",46.8803,-121.9588,8.7,5.4
62005791,0.4,l,1715717813.65,2024/05/14 20:16:53,2024/05/14 13:16:53 PDT,"0.5 km from Mt Rainier, WA",46.854,-121.7670,1.3,0.8
62005781,0.9,l,1715717445.98,2024/05/14 20:10:45,2024/05/14 13:10:45 PDT,"0.5 km from Mt Rainier, WA",46.8535,-121.7663,1.1,0.7
61503088,0.2,l,1715715667.59,2024/05/14 19:41:07,2024/05/14 12:41:07 PDT,"0.4 km from Mt Rainier, WA",46.853,-121.7657,1.1,0.7
61997737,0.5,l,1715707624.21,2024/05/14 17:27:04,2024/05/14 10:27:04 PDT,"0.4 km from Mt Rainier, WA",46.853,-121.7655,1.1,0.7
61997712,0.9,l,1715703281.5,2024/05/14 16:14:41,2024/05/14 09:14:41 PDT,"0.4 km from Mt Rainier, WA",46.8527,-121.7655,1.5,0.9
61997707,0.9,l,1715702979.22,2024/05/14 16:09:39,2024/05/14 09:09:39 PDT,"0.5 km from Mt Rainier, WA",46.852,-121.7665,1.1,0.7
61997697,0.8,l,1715702795.65,2024/05/14 16:06:35,2024/05/14 09:06:35 PDT,"0.5 km from Mt Rainier, WA",46.8523,-121.7658,1.1,0.7
61997702,0.2,l,1715702696.51,2024/05/14 16:04:56,2024/05/14 09:04:56 PDT,"0.5 km from Mt Rainier, WA",46.8545,-121.7663,1.9,1.2
61997692,0.3,l,1715702412.95,2024/05/14 16:00:12,2024/05/14 09:00:12 PDT,"0.6 km from Mt Rainier, WA",46.853,-121.7685,0.7,0.4
61997682,0.7,l,1715702119.11,2024/05/14 15:55:19,2024/05/14 08:55:19 PDT,"0.7 km from Mt Rainier, WA",46.8523,-121.7685,1.1,0.7
61997677,0.8,l,1715701351.55,2024/05/14 15:42:31,2024/05/14 08:42:31 PDT,"0.5 km from Mt Rainier, WA",46.8535,-121.7665,1.1,0.7
61997672,0.2,l,1715700897.02,2024/05/14 15:34:57,2024/05/14 08:34:57 PDT,"0.6 km from Mt Rainier, WA",46.8523,-121.7683,0.7,0.4
61997667,1.4,l,1715700845.55,2024/05/14 15:34:05,2024/05/14 08:34:05 PDT,"0.8 km from Mt Rainier, WA",46.8532,-121.7703,-0.4,-0.2
61997547,0.4,l,1715645763.77,2024/05/14 00:16:03,2024/05/13 17:16:03 PDT,"18.2 km from Mt Rainier, WA",46.9415,-121.9618,12.4,7.7
61997337,0.4,l,1715618267.82,2024/05/13 16:37:47,2024/05/13 09:37:47 PDT,"15.5 km from Enumclaw, WA",47.089,-121.8743,10.7,6.6
61997112,0.4,l,1715553575.48,2024/05/12 22:39:35,2024/05/12 15:39:35 PDT,"17.7 km from Mt Rainier, WA",46.9333,-121.9612,11.0,6.8
61997097,0.4,l,1715550269.9,2024/05/12 21:44:29,2024/05/12 14:44:29 PDT,"17.7 km from Mt Rainier, WA",46.9385,-121.9565,11.1,6.9
61997092,1.1,l,1715550167.5,2024/05/12 21:42:47,2024/05/12 14:42:47 PDT,"18.3 km from Mt Rainier, WA",46.9313,-121.9715,11.9,7.4
61997087,0.3,l,1715550033.36,2024/05/12 21:40:33,2024/05/12 14:40:33 PDT,"18.3 km from Mt Rainier, WA",46.9385,-121.9652,12.0,7.5
61997072,0.8,l,1715548474.72,2024/05/12 21:14:34,2024/05/12 14:14:34 PDT,"17.8 km from Mt Rainier, WA",46.9343,-121.9613,11.2,6.9
61996952,0.7,l,1715496086.15,2024/05/12 06:41:26,2024/05/11 23:41:26 PDT,"15.3 km from Enumclaw, WA",47.0917,-121.8728,10.8,6.7
61996762,0.3,l,1715448028.9,2024/05/11 17:20:28,2024/05/11 10:20:28 PDT,"17.7 km from Mt Rainier, WA",46.8323,-121.9900,9.8,6.1
61996647,0.3,l,1715422665.44,2024/05/11 10:17:45,2024/05/11 03:17:45 PDT,"14.9 km from Enumclaw, WA",47.0758,-121.9368,17.2,10.6
61996592,0.4,l,1715411018.93,2024/05/11 07:03:38,2024/05/11 00:03:38 PDT,"0.8 km from Mt Rainier, WA",46.8475,-121.7652,0.4,0.2
61996552,0.9,l,1715399390.62,2024/05/11 03:49:50,2024/05/10 20:49:50 PDT,"0.2 km from Mt Rainier, WA",46.8537,-121.7627,0.4,0.2
61996547,0.3,l,1715397458.77,2024/05/11 03:17:38,2024/05/10 20:17:38 PDT,"0.2 km from Mt Rainier, WA",46.8528,-121.7620,0.2,0.1
61996472,0.4,l,1715375868.04,2024/05/10 21:17:48,2024/05/10 14:17:48 PDT,"1.3 km from Mt Rainier, WA",46.8627,-121.7698,0.2,0.1
61996372,0.4,l,1715363285.67,2024/05/10 17:48:05,2024/05/10 10:48:05 PDT,"0.7 km from Mt Rainier, WA",46.8597,-121.7612,0.8,0.5
61996357,0.3,l,1715355426.28,2024/05/10 15:37:06,2024/05/10 08:37:06 PDT,"18.5 km from Mt Rainier, WA",46.9585,-121.9477,5.1,3.2
61996337,0.3,l,1715346477.07,2024/05/10 13:07:57,2024/05/10 06:07:57 PDT,"18.0 km from Mt Rainier, WA",46.796,-121.9805,7.3,4.5
61996062,0.6,l,1715284405.44,2024/05/09 19:53:25,2024/05/09 12:53:25 PDT,"14.5 km from Mt Rainier, WA",46.8875,-121.9438,12.7,7.9
61995752,0.3,l,1715193145.29,2024/05/08 18:32:25,2024/05/08 11:32:25 PDT,"20.0 km from Mt Rainier, WA",46.7375,-121.9597,5.2,3.2
61995612,0.6,l,1715160915.12,2024/05/08 09:35:15,2024/05/08 02:35:15 PDT,"14.8 km from Mt Rainier, WA",46.8875,-121.9482,12.5,7.7
61995207,0.3,l,1715076926.07,2024/05/07 10:15:26,2024/05/07 03:15:26 PDT,"15.4 km from Mt Rainier, WA",46.81,-121.9523,6.6,4.1
61994977,0.3,l,1715025761.62,2024/05/06 20:02:41,2024/05/06 13:02:41 PDT,"0.9 km from Mt Rainier, WA",46.8467,-121.7673,0.2,0.1
61994437,0.6,l,1714909409.19,2024/05/05 11:43:29,2024/05/05 04:43:29 PDT,"12.5 km from Mt Rainier, WA",46.8433,-121.9237,10.9,6.8
61994342,0.2,l,1714878935.81,2024/05/05 03:15:35,2024/05/04 20:15:35 PDT,"0.8 km from Mt Rainier, WA",46.8513,-121.7702,-2.4,-1.5
61993812,0.4,l,1714720873.46,2024/05/03 07:21:13,2024/05/03 00:21:13 PDT,"3.0 km from Mt Rainier, WA",46.8517,-121.7213,-1.9,-1.2
61993802,0.2,l,1714715438.9,2024/05/03 05:50:38,2024/05/02 22:50:38 PDT,"14.0 km from Mt Rainier, WA",46.8903,-121.9362,11.9,7.4
62001266,0.5,l,1714592287.04,2024/05/01 19:38:07,2024/05/01 12:38:07 PDT,"11.5 km from Mt Rainier, WA",46.8642,-121.6103,4.0,2.5
62001151,0.4,l,1714572367.39,2024/05/01 14:06:07,2024/05/01 07:06:07 PDT,"20.8 km from Mt Rainier, WA",46.6968,-121.9097,4.9,3.0
61992817,0.6,l,1714453888.66,2024/04/30 05:11:28,2024/04/29 22:11:28 PDT,"0.2 km from Mt Rainier, WA",46.8533,-121.7622,1.4,0.9
61992802,0.2,d,1714442344.21,2024/04/30 01:59:04,2024/04/29 18:59:04 PDT,"21.7 km from Mt Rainier, WA",46.6617,-121.7042,5.7,3.5
61992642,0.2,l,1714418579.76,2024/04/29 19:22:59,2024/04/29 12:22:59 PDT,"18.1 km from Mt Rainier, WA",46.94,-121.9603,11.1,6.9
61992567,0.8,l,1714392797.98,2024/04/29 12:13:17,2024/04/29 05:13:17 PDT,"8.7 km from Mt Rainier, WA",46.9222,-121.7052,4.4,2.7
61992542,0.4,l,1714379942.52,2024/04/29 08:39:02,2024/04/29 01:39:02 PDT,"15.9 km from Mt Rainier, WA",46.9047,-121.9543,13.6,8.5
61992362,0.4,l,1714318161.96,2024/04/28 15:29:21,2024/04/28 08:29:21 PDT,"6.2 km from Mt Rainier, WA",46.8223,-121.6918,-1.6,-1.0
61992127,0.3,l,1714178418.85,2024/04/27 00:40:18,2024/04/26 17:40:18 PDT,"20.7 km from Mt Rainier, WA",47.0128,-121.8993,17.6,10.9
61991957,1.4,l,1714138263.58,2024/04/26 13:31:03,2024/04/26 06:31:03 PDT,"1.0 km from Mt Rainier, WA",46.8455,-121.7655,0.9,0.6
61991952,0.7,l,1714138146.18,2024/04/26 13:29:06,2024/04/26 06:29:06 PDT,"0.8 km from Mt Rainier, WA",46.8467,-121.7655,0.6,0.4
61999401,0.3,l,1713965434.71,2024/04/24 13:30:34,2024/04/24 06:30:34 PDT,"15.3 km from Mt Rainier, WA",46.7563,-121.9028,4.3,2.7
61999391,0.1,l,1713963069.9,2024/04/24 12:51:09,2024/04/24 05:51:09 PDT,"0.9 km from Mt Rainier, WA",46.8472,-121.7675,-0.1,-0.1
61999361,0.5,l,1713954403.19,2024/04/24 10:26:43,2024/04/24 03:26:43 PDT,"0.9 km from Mt Rainier, WA",46.8462,-121.7652,0.8,0.5
61998771,0.2,l,1713789729.04,2024/04/22 12:42:09,2024/04/22 05:42:09 PDT,"14.8 km from Mt Rainier, WA",46.8872,-121.9475,12.4,7.7
61998376,0.6,l,1713665801.04,2024/04/21 02:16:41,2024/04/20 19:16:41 PDT,"13.4 km from Mt Rainier, WA",46.8655,-121.9347,10.9,6.7
61998366,0.5,l,1713660788.28,2024/04/21 00:53:08,2024/04/20 17:53:08 PDT,"14.7 km from Mt Rainier, WA",46.8857,-121.9465,12.7,7.8
61998166,0.1,l,1713558486.97,2024/04/19 20:28:06,2024/04/19 13:28:06 PDT,"13.8 km from Mt Rainier, WA",46.878,-121.9373,9.9,6.2
61997996,0.3,l,1713534513.28,2024/04/19 13:48:33,2024/04/19 06:48:33 PDT,"13.1 km from Mt Rainier, WA",46.8458,-121.9320,12.0,7.4
61997946,0.9,l,1713504174.6,2024/04/19 05:22:54,2024/04/18 22:22:54 PDT,"0.1 km from Mt Rainier, WA",46.853,-121.7613,0.9,0.5
61997926,0.3,l,1713498455.91,2024/04/19 03:47:35,2024/04/18 20:47:35 PDT,"0.4 km from Mt Rainier, WA",46.854,-121.7648,0.4,0.3
61997516,0.3,l,1713407168.61,2024/04/18 02:26:08,2024/04/17 19:26:08 PDT,"15.4 km from Mt Rainier, WA",46.7918,-121.9402,3.5,2.2
61997416,0.1,l,1713388645.68,2024/04/17 21:17:25,2024/04/17 14:17:25 PDT,"0.5 km from Mt Rainier, WA",46.8527,-121.7670,0.9,0.6
61997381,0.3,l,1713383061.52,2024/04/17 19:44:21,2024/04/17 12:44:21 PDT,"15.2 km from Mt Rainier, WA",46.8738,-121.9575,4.7,2.9
61997311,0.5,l,1713370662.24,2024/04/17 16:17:42,2024/04/17 09:17:42 PDT,"0.2 km from Mt Rainier, WA",46.8518,-121.7583,1.4,0.8
61988472,0.0,l,1713059626.97,2024/04/14 01:53:46,2024/04/13 18:53:46 PDT,"6.2 km from Mt Rainier, WA",46.8298,-121.6860,2.3,1.4
61988317,2.2,l,1712998644.78,2024/04/13 08:57:24,2024/04/13 01:57:24 PDT,"12.2 km from Mt Rainier, WA",46.8528,-121.9193,11.7,7.2
61988122,0.0,l,1712924574.93,2024/04/12 12:22:54,2024/04/12 05:22:54 PDT,"13.7 km from Mt Rainier, WA",46.8637,-121.9388,5.4,3.4
61988082,0.5,l,1712908745.54,2024/04/12 07:59:05,2024/04/12 00:59:05 PDT,"21.1 km from Mt Rainier, WA",46.7193,-121.9562,6.3,3.9
61987937,0.3,l,1712838691.28,2024/04/11 12:31:31,2024/04/11 05:31:31 PDT,"15.9 km from Mt Rainier, WA",46.9158,-121.9472,8.7,5.4
61987707,0.7,l,1712771752.06,2024/04/10 17:55:52,2024/04/10 10:55:52 PDT,"17.3 km from Mt Rainier, WA",46.763,-121.9450,4.3,2.7
61995351,0.5,l,1712653295.36,2024/04/09 09:01:35,2024/04/09 02:01:35 PDT,"0.2 km from Mt Rainier, WA",46.8552,-121.7612,1.9,1.2
61995336,1.0,l,1712646955.59,2024/04/09 07:15:55,2024/04/09 00:15:55 PDT,"0.2 km from Mt Rainier, WA",46.8552,-121.7595,1.4,0.9
61995201,0.5,l,1712593389.43,2024/04/08 16:23:09,2024/04/08 09:23:09 PDT,"18.0 km from Mt Rainier, WA",46.742,-121.9313,7.1,4.4
61995056,0.7,l,1712521899.49,2024/04/07 20:31:39,2024/04/07 13:31:39 PDT,"14.5 km from Mt Rainier, WA",46.8127,-121.9402,9.5,5.9
61994846,0.5,l,1712439403.15,2024/04/06 21:36:43,2024/04/06 14:36:43 PDT,"13.6 km from Mt Rainier, WA",46.8553,-121.9388,10.5,6.5
61994551,1.0,l,1712348135.38,2024/04/05 20:15:35,2024/04/05 13:15:35 PDT,"21.3 km from Mt Rainier, WA",46.692,-121.9117,5.0,3.1
61994466,1.1,l,1712293541.1,2024/04/05 05:05:41,2024/04/04 22:05:41 PDT,"19.5 km from Mt Rainier, WA",46.9535,-121.9698,14.2,8.8
61994326,0.5,l,1712248736.06,2024/04/04 16:38:56,2024/04/04 09:38:56 PDT,"0.2 km from Mt Rainier, WA",46.8532,-121.7573,1.6,1.0
61994301,0.4,l,1712231658.12,2024/04/04 11:54:18,2024/04/04 04:54:18 PDT,"13.8 km from Mt Rainier, WA",46.8505,-121.9415,9.7,6.0
61994226,0.3,l,1712193676.66,2024/04/04 01:21:16,2024/04/03 18:21:16 PDT,"17.7 km from Mt Rainier, WA",46.755,-121.9423,2.9,1.8
61986132,0.5,l,1712164151.21,2024/04/03 17:09:11,2024/04/03 10:09:11 PDT,"13.3 km from Mt Rainier, WA",46.8613,-121.9335,10.1,6.2
61985937,0.5,l,1712093647.57,2024/04/02 21:34:07,2024/04/02 14:34:07 PDT,"14.9 km from Mt Rainier, WA",46.856,-121.9557,9.3,5.8
61985827,0.0,l,1712064690.79,2024/04/02 13:31:30,2024/04/02 06:31:30 PDT,"16.5 km from Mt Rainier, WA",46.8755,-121.9742,6.4,4.0
61985797,0.1,l,1712050550.42,2024/04/02 09:35:50,2024/04/02 02:35:50 PDT,"13.2 km from Mt Rainier, WA",46.8623,-121.9323,6.7,4.1
61985782,0.0,l,1712046196.15,2024/04/02 08:23:16,2024/04/02 01:23:16 PDT,"15.0 km from Mt Rainier, WA",46.9218,-121.9297,9.1,5.6
61985372,0.4,l,1711868732.23,2024/03/31 07:05:32,2024/03/31 00:05:32 PDT,"21.1 km from Mt Rainier, WA",46.9748,-121.9727,5.0,3.1
61985362,0.5,l,1711852790.12,2024/03/31 02:39:50,2024/03/30 19:39:50 PDT,"17.2 km from Mt Rainier, WA",46.9085,-121.9712,13.0,8.1
61985237,0.5,l,1711809532.39,2024/03/30 14:38:52,2024/03/30 07:38:52 PDT,"18.5 km from Mt Rainier, WA",46.754,-121.9547,2.3,1.4
61993056,0.6,l,1711733281.41,2024/03/29 17:28:01,2024/03/29 10:28:01 PDT,"15.0 km from Mt Rainier, WA",46.7473,-121.8808,2.8,1.7
61993051,2.4,l,1711731228.71,2024/03/29 16:53:48,2024/03/29 09:53:48 PDT,"18.1 km from Mt Rainier, WA",46.8497,-121.9973,6.7,4.1
61993031,0.0,l,1711717801.92,2024/03/29 13:10:01,2024/03/29 06:10:01 PDT,"1.9 km from Mt Rainier, WA",46.8438,-121.7395,-2.1,-1.3
61992971,1.0,l,1711666430.7,2024/03/28 22:53:50,2024/03/28 15:53:50 PDT,"21.0 km from Mt Rainier, WA",46.9733,-121.9735,5.2,3.2
61992861,0.7,l,1711609704.09,2024/03/28 07:08:24,2024/03/28 00:08:24 PDT,"18.7 km from Eatonville, WA",46.8752,-122.0197,6.7,4.2
61992771,0.4,l,1711576412.78,2024/03/27 21:53:32,2024/03/27 14:53:32 PDT,"5.6 km from Mt Rainier, WA",46.8282,-121.6970,-2.3,-1.4
61992721,0.8,l,1711563365.97,2024/03/27 18:16:05,2024/03/27 11:16:05 PDT,"18.9 km from Eatonville, WA",46.8748,-122.0175,6.5,4.0
61992196,0.4,l,1711351500.63,2024/03/25 07:25:00,2024/03/25 00:25:00 PDT,"10.8 km from Mt Rainier, WA",46.8862,-121.8933,10.6,6.6
61992076,0.4,l,1711314527.83,2024/03/24 21:08:47,2024/03/24 14:08:47 PDT,"3.0 km from Mt Rainier, WA",46.8348,-121.7893,-1.0,-0.6
61992026,0.6,l,1711295664.4,2024/03/24 15:54:24,2024/03/24 08:54:24 PDT,"15.7 km from Mt Rainier, WA",46.836,-121.9637,7.5,4.7
61991821,0.2,l,1711193848.45,2024/03/23 11:37:28,2024/03/23 04:37:28 PDT,"13.6 km from Mt Rainier, WA",46.8627,-121.9382,10.4,6.5
61991506,0.1,l,1711071535.73,2024/03/22 01:38:55,2024/03/21 18:38:55 PDT,"17.9 km from Mt Rainier, WA",46.9468,-121.9517,11.1,6.9
61990956,0.2,l,1710954389.34,2024/03/20 17:06:29,2024/03/20 10:06:29 PDT,"12.2 km from Mt Rainier, WA",46.8373,-121.9177,10.6,6.5
61990766,0.2,l,1710883528.73,2024/03/19 21:25:28,2024/03/19 14:25:28 PDT,"17.2 km from Mt Rainier, WA",46.8733,-121.9835,5.9,3.7
61990241,0.2,l,1710769387.94,2024/03/18 13:43:07,2024/03/18 06:43:07 PDT,"19.0 km from Mt Rainier, WA",46.8292,-122.0068,7.5,4.6
61990126,0.1,l,1710658239.11,2024/03/17 06:50:39,2024/03/16 23:50:39 PDT,"14.1 km from Mt Rainier, WA",46.8798,-121.9415,8.3,5.1
61990081,0.2,l,1710640836.57,2024/03/17 02:00:36,2024/03/16 19:00:36 PDT,"12.1 km from Mt Rainier, WA",46.855,-121.9192,7.0,4.3
61989911,1.2,l,1710508430.03,2024/03/15 13:13:50,2024/03/15 06:13:50 PDT,"20.5 km from Mt Rainier, WA",46.6975,-121.9040,6.6,4.1
61989676,0.4,l,1710318861.86,2024/03/13 08:34:21,2024/03/13 01:34:21 PDT,"1.3 km from Mt Rainier, WA",46.8598,-121.7452,-2.5,-1.5
61989406,1.1,l,1710134004.45,2024/03/11 05:13:24,2024/03/10 22:13:24 PDT,"5.6 km from Mt Rainier, WA",46.8638,-121.6888,-1.3,-0.8
61989051,0.2,l,1709942693.98,2024/03/09 00:04:53,2024/03/08 16:04:53 PST,"15.2 km from Mt Rainier, WA",46.896,-121.9495,12.2,7.6
61988706,0.5,l,1709890952.15,2024/03/08 09:42:32,2024/03/08 01:42:32 PST,"4.0 km from Mt Rainier, WA",46.8845,-121.7327,-0.7,-0.4
61988681,1.0,l,1709863427.28,2024/03/08 02:03:47,2024/03/07 18:03:47 PST,"14.0 km from Mt Rainier, WA",46.8562,-121.9435,4.7,2.9
61987666,0.4,l,1709672962.6,2024/03/05 21:09:22,2024/03/05 13:09:22 PST,"15.0 km from Mt Rainier, WA",46.871,-121.9547,9.7,6.0
61987226,0.3,l,1709553748.18,2024/03/04 12:02:28,2024/03/04 04:02:28 PST,"3.0 km from Mt Rainier, WA",46.8698,-121.7292,1.0,0.6
61987221,0.2,l,1709549954.78,2024/03/04 10:59:14,2024/03/04 02:59:14 PST,"2.3 km from Mt Rainier, WA",46.8697,-121.7420,-1.6,-1.0
61987126,0.3,l,1709486876,2024/03/03 17:27:56,2024/03/03 09:27:56 PST,"3.0 km from Mt Rainier, WA",46.8803,-121.7572,1.5,0.9
61986676,0.7,l,1709258244.79,2024/03/01 01:57:24,2024/02/29 17:57:24 PST,"17.2 km from Mt Rainier, WA",46.9413,-121.9452,8.8,5.5
61986666,0.6,l,1709255197.38,2024/03/01 01:06:37,2024/02/29 17:06:37 PST,"1.3 km from Mt Rainier, WA",46.8635,-121.7528,2.6,1.6
61985636,0.5,l,1709091200.3,2024/02/28 03:33:20,2024/02/27 19:33:20 PST,"19.5 km from Eatonville, WA",46.8995,-122.0135,11.2,6.9
61985526,0.4,l,1709064588.56,2024/02/27 20:09:48,2024/02/27 12:09:48 PST,"19.7 km from Mt Rainier, WA",46.9,-122.0087,10.8,6.7
61985481,0.9,l,1709058558.34,2024/02/27 18:29:18,2024/02/27 10:29:18 PST,"25.9 km from Goat Rocks, WA",46.7445,-121.5180,5.0,3.1
61984716,1.0,l,1708919096.73,2024/02/26 03:44:56,2024/02/25 19:44:56 PST,"25.8 km from Goat Rocks, WA",46.744,-121.5188,5.0,3.1
61984561,0.6,l,1708897414.43,2024/02/25 21:43:34,2024/02/25 13:43:34 PST,"22.7 km from Mt Rainier, WA",46.9925,-121.9788,14.7,9.1
61984446,0.2,l,1708847445.24,2024/02/25 07:50:45,2024/02/24 23:50:45 PST,"0.4 km from Mt Rainier, WA",46.8523,-121.7655,1.0,0.6
61984421,0.1,l,1708827433.64,2024/02/25 02:17:13,2024/02/24 18:17:13 PST,"15.3 km from Mt Rainier, WA",46.8882,-121.9540,10.0,6.2
61984416,0.1,l,1708824963.12,2024/02/25 01:36:03,2024/02/24 17:36:03 PST,"0.9 km from Mt Rainier, WA",46.8473,-121.7677,-0.1,0.0
61984386,0.5,l,1708804054.54,2024/02/24 19:47:34,2024/02/24 11:47:34 PST,"21.0 km from Mt Rainier, WA",46.9643,-121.9833,8.1,5.0
61984326,0.5,l,1708770243.28,2024/02/24 10:24:03,2024/02/24 02:24:03 PST,"20.3 km from Mt Rainier, WA",46.9517,-121.9847,14.0,8.7
61984321,0.3,l,1708769285.49,2024/02/24 10:08:05,2024/02/24 02:08:05 PST,"0.4 km from Mt Rainier, WA",46.8565,-121.7568,1.8,1.1
61984271,0.1,l,1708740346.66,2024/02/24 02:05:46,2024/02/23 18:05:46 PST,"15.7 km from Mt Rainier, WA",46.8008,-121.9515,4.0,2.5
61983996,0.2,l,1708594917.89,2024/02/22 09:41:57,2024/02/22 01:41:57 PST,"18.2 km from Mt Rainier, WA",46.9397,-121.9637,16.7,10.3
61983971,0.5,l,1708571781.41,2024/02/22 03:16:21,2024/02/21 19:16:21 PST,"22.7 km from Mt Rainier, WA",46.676,-121.9063,3.6,2.3
61983806,0.9,l,1708475913.77,2024/02/21 00:38:33,2024/02/20 16:38:33 PST,"20.6 km from Mt Rainier, WA",47.0383,-121.7800,17.2,10.7
61983581,0.3,l,1708330946.28,2024/02/19 08:22:26,2024/02/19 00:22:26 PST,"14.1 km from Mt Rainier, WA",46.817,-121.9365,8.2,5.1
61983496,0.1,l,1708263379.26,2024/02/18 13:36:19,2024/02/18 05:36:19 PST,"0.7 km from Mt Rainier, WA",46.8477,-121.7647,0.8,0.5
61983411,0.5,l,1708195784.59,2024/02/17 18:49:44,2024/02/17 10:49:44 PST,"12.5 km from Mt Rainier, WA",46.8365,-121.9218,10.3,6.4
61983401,0.8,l,1708169474.68,2024/02/17 11:31:14,2024/02/17 03:31:14 PST,"15.0 km from Mt Rainier, WA",46.9028,-121.9427,11.9,7.4
61983321,1.0,l,1708080186.76,2024/02/16 10:43:06,2024/02/16 02:43:06 PST,"18.7 km from Mt Rainier, WA",46.7485,-121.9513,4.4,2.7
61983296,0.5,l,1708061518.92,2024/02/16 05:31:58,2024/02/15 21:31:58 PST,"13.6 km from Mt Rainier, WA",46.8492,-121.9382,10.8,6.7
61983201,0.9,l,1708000757.29,2024/02/15 12:39:17,2024/02/15 04:39:17 PST,"14.4 km from Mt Rainier, WA",46.881,-121.9450,9.4,5.8
61983191,0.6,l,1707981929.75,2024/02/15 07:25:29,2024/02/14 23:25:29 PST,"14.2 km from Mt Rainier, WA",46.848,-121.9465,10.1,6.2
61983186,1.8,l,1707981580.22,2024/02/15 07:19:40,2024/02/14 23:19:40 PST,"13.5 km from Mt Rainier, WA",46.8508,-121.9372,10.0,6.2
61983146,1.0,l,1707965809.61,2024/02/15 02:56:49,2024/02/14 18:56:49 PST,"14.6 km from Mt Rainier, WA",46.923,-121.9230,12.9,8.0
61983071,0.0,l,1707903587.83,2024/02/14 09:39:47,2024/02/14 01:39:47 PST,"0.3 km from Mt Rainier, WA",46.8547,-121.7640,0.9,0.6
61982951,0.4,l,1707839854.97,2024/02/13 15:57:34,2024/02/13 07:57:34 PST,"16.4 km from Mt Rainier, WA",46.9635,-121.9038,10.4,6.4
61982886,0.7,l,1707779967.86,2024/02/12 23:19:27,2024/02/12 15:19:27 PST,"26.5 km from Goat Rocks, WA",46.7515,-121.5125,3.4,2.1
61982666,1.0,l,1707621306.83,2024/02/11 03:15:06,2024/02/10 19:15:06 PST,"26.5 km from Goat Rocks, WA",46.751,-121.5132,3.6,2.3
61982646,2.1,l,1707608265.69,2024/02/10 23:37:45,2024/02/10 15:37:45 PST,"26.0 km from Goat Rocks, WA",46.7457,-121.5178,4.3,2.7
61982621,0.4,l,1707599811.34,2024/02/10 21:16:51,2024/02/10 13:16:51 PST,"15.1 km from Mt Rainier, WA",46.8835,-121.9533,10.4,6.4
61982521,0.5,l,1707563947.14,2024/02/10 11:19:07,2024/02/10 03:19:07 PST,"26.6 km from Goat Rocks, WA",46.752,-121.5127,3.3,2.1
61982396,0.8,l,1707502152.05,2024/02/09 18:09:12,2024/02/09 10:09:12 PST,"13.4 km from Mt Rainier, WA",46.9185,-121.9077,12.4,7.7
61982266,0.8,l,1707390054.44,2024/02/08 11:00:54,2024/02/08 03:00:54 PST,"26.8 km from Goat Rocks, WA",46.7537,-121.5112,3.7,2.3
61502983,0.2,d,1707356488.63,2024/02/08 01:41:28,2024/02/07 17:41:28 PST,"27.0 km from Goat Rocks, WA",46.7567,-121.5043,2.5,1.6
61982211,0.4,l,1707351224.89,2024/02/08 00:13:44,2024/02/07 16:13:44 PST,"26.1 km from Goat Rocks, WA",46.7477,-121.5122,4.1,2.6
61982191,0.8,l,1707346164.51,2024/02/07 22:49:24,2024/02/07 14:49:24 PST,"15.1 km from Mt Rainier, WA",46.9195,-121.9323,12.9,8.0
61982166,0.7,l,1707338005.92,2024/02/07 20:33:25,2024/02/07 12:33:25 PST,"26.2 km from Goat Rocks, WA",46.7477,-121.5195,3.9,2.4
61982161,0.9,l,1707336646.29,2024/02/07 20:10:46,2024/02/07 12:10:46 PST,"26.5 km from Goat Rocks, WA",46.7515,-121.5120,3.4,2.1
61982146,3.1,l,1707333089.07,2024/02/07 19:11:29,2024/02/07 11:11:29 PST,"25.8 km from Goat Rocks, WA",46.7445,-121.5163,4.7,2.9
61982001,0.1,l,1707224075.51,2024/02/06 12:54:35,2024/02/06 04:54:35 PST,"0.2 km from Mt Rainier, WA",46.854,-121.7572,1.3,0.8
61981871,0.4,l,1707144927.97,2024/02/05 14:55:27,2024/02/05 06:55:27 PST,"0.7 km from Mt Rainier, WA",46.8478,-121.7650,0.2,0.1
61981786,0.3,l,1707066441.5,2024/02/04 17:07:21,2024/02/04 09:07:21 PST,"1.5 km from Mt Rainier, WA",46.8432,-121.7475,-0.5,-0.3
61981586,1.5,l,1706769074.86,2024/02/01 06:31:14,2024/01/31 22:31:14 PST,"17.3 km from Mt Rainier, WA",46.7472,-121.9257,4.2,2.6
61981546,0.7,l,1706707689.24,2024/01/31 13:28:09,2024/01/31 05:28:09 PST,"18.9 km from Mt Rainier, WA",46.9055,-121.9965,10.8,6.7
61981526,1.1,l,1706679754.34,2024/01/31 05:42:34,2024/01/30 21:42:34 PST,"15.4 km from Mt Rainier, WA",46.8222,-121.9570,7.2,4.5
61981341,1.2,l,1706434592.26,2024/01/28 09:36:32,2024/01/28 01:36:32 PST,"12.0 km from Mt Rainier, WA",46.8467,-121.9170,11.1,6.9
61981206,0.9,l,1706322013.22,2024/01/27 02:20:13,2024/01/26 18:20:13 PST,"18.7 km from Mt Rainier, WA",46.9088,-121.9912,11.2,6.9
61981051,1.1,l,1706172040.43,2024/01/25 08:40:40,2024/01/25 00:40:40 PST,"17.1 km from Mt Rainier, WA",46.7987,-121.5505,1.6,1.0
61980906,0.6,l,1706095975.43,2024/01/24 11:32:55,2024/01/24 03:32:55 PST,"16.1 km from Mt Rainier, WA",46.8113,-121.9618,2.5,1.5
61980811,1.0,l,1706040569.41,2024/01/23 20:09:29,2024/01/23 12:09:29 PST,"12.3 km from Mt Rainier, WA",46.8712,-121.9188,10.4,6.4
61980756,1.0,l,1705999717.9,2024/01/23 08:48:37,2024/01/23 00:48:37 PST,"10.9 km from Mt Rainier, WA",46.8708,-121.9000,9.4,5.8
61980656,0.4,l,1705874317.13,2024/01/21 21:58:37,2024/01/21 13:58:37 PST,"18.4 km from Mt Rainier, WA",46.7553,-121.9535,5.3,3.3
61980631,0.0,l,1705856809.9,2024/01/21 17:06:49,2024/01/21 09:06:49 PST,"1.0 km from Mt Rainier, WA",46.845,-121.7637,-0.4,-0.2
61980376,0.3,l,1705583217.65,2024/01/18 13:06:57,2024/01/18 05:06:57 PST,"0.7 km from Mt Rainier, WA",46.848,-121.7653,-2.0,-1.2
61980361,0.5,l,1705563799.69,2024/01/18 07:43:19,2024/01/17 23:43:19 PST,"0.2 km from Mt Rainier, WA",46.8542,-121.7627,0.9,0.6
61979946,0.4,l,1705272061.04,2024/01/14 22:41:01,2024/01/14 14:41:01 PST,"13.3 km from Mt Rainier, WA",46.865,-121.9330,6.9,4.3
61979916,0.4,l,1705252584.48,2024/01/14 17:16:24,2024/01/14 09:16:24 PST,"14.0 km from Mt Rainier, WA",46.7975,-121.9242,6.6,4.1
61979846,0.3,l,1705126674.87,2024/01/13 06:17:54,2024/01/12 22:17:54 PST,"13.3 km from Mt Rainier, WA",46.862,-121.9337,4.4,2.7
61979791,0.4,l,1705087838.72,2024/01/12 19:30:38,2024/01/12 11:30:38 PST,"0.3 km from Mt Rainier, WA",46.8523,-121.7640,0.4,0.2
61979646,0.6,l,1705014452.08,2024/01/11 23:07:32,2024/01/11 15:07:32 PST,"0.4 km from Mt Rainier, WA",46.8495,-121.7615,0.0,0.0
61979636,1.1,l,1705013817.34,2024/01/11 22:56:57,2024/01/11 14:56:57 PST,"0.3 km from Mt Rainier, WA",46.8527,-121.7638,0.8,0.5
61979386,1.4,l,1704821923.19,2024/01/09 17:38:43,2024/01/09 09:38:43 PST,"13.3 km from Mt Rainier, WA",46.8638,-121.9338,7.2,4.4
61979356,1.0,l,1704816286.01,2024/01/09 16:04:46,2024/01/09 08:04:46 PST,"17.0 km from Mt Rainier, WA",46.8533,-121.9832,7.7,4.8
61979346,2.4,l,1704813438.72,2024/01/09 15:17:18,2024/01/09 07:17:18 PST,"13.2 km from Mt Rainier, WA",46.8628,-121.9323,6.4,3.9
61979331,0.9,l,1704807410.99,2024/01/09 13:36:50,2024/01/09 05:36:50 PST,"13.7 km from Mt Rainier, WA",46.8608,-121.9398,7.2,4.5
61979296,0.9,l,1704793887.63,2024/01/09 09:51:27,2024/01/09 01:51:27 PST,"17.9 km from Mt Rainier, WA",46.8503,-121.9943,6.8,4.2
61979216,0.8,l,1704738713.2,2024/01/08 18:31:53,2024/01/08 10:31:53 PST,"17.4 km from Mt Rainier, WA",46.8517,-121.9878,6.8,4.2
61979206,1.3,l,1704710006.43,2024/01/08 10:33:26,2024/01/08 02:33:26 PST,"17.9 km from Mt Rainier, WA",46.8493,-121.9947,7.4,4.6
61979191,0.4,l,1704693662.54,2024/01/08 06:01:02,2024/01/07 22:01:02 PST,"14.8 km from Enumclaw, WA",47.0722,-122.0020,14.3,8.8
61979096,1.3,l,1704568847.27,2024/01/06 19:20:47,2024/01/06 11:20:47 PST,"13.2 km from Mt Rainier, WA",46.8598,-121.9330,4.6,2.9
61979046,0.7,l,1704549543.15,2024/01/06 13:59:03,2024/01/06 05:59:03 PST,"17.9 km from Mt Rainier, WA",46.8473,-121.9950,7.1,4.4
61978961,1.0,l,1704462684.58,2024/01/05 13:51:24,2024/01/05 05:51:24 PST,"17.8 km from Mt Rainier, WA",46.8522,-121.9937,7.5,4.6
61978951,0.5,l,1704450970.15,2024/01/05 10:36:10,2024/01/05 02:36:10 PST,"14.9 km from Enumclaw, WA",47.0713,-122.0013,14.2,8.8
61978941,1.7,l,1704437177.1,2024/01/05 06:46:17,2024/01/04 22:46:17 PST,"17.6 km from Mt Rainier, WA",46.8538,-121.9912,6.8,4.2
61978936,0.6,l,1704435350.04,2024/01/05 06:15:50,2024/01/04 22:15:50 PST,"18.2 km from Mt Rainier, WA",46.8475,-121.9978,6.7,4.2
61978931,2.8,l,1704434555.79,2024/01/05 06:02:35,2024/01/04 22:02:35 PST,"17.7 km from Mt Rainier, WA",46.8533,-121.9918,6.7,4.1
61978926,0.6,l,1704432798.37,2024/01/05 05:33:18,2024/01/04 21:33:18 PST,"17.0 km from Mt Rainier, WA",46.8532,-121.9823,7.1,4.4
61978911,0.7,l,1704427947.08,2024/01/05 04:12:27,2024/01/04 20:12:27 PST,"19.3 km from Mt Rainier, WA",46.7075,-121.8972,0.1,0.0
61978886,2.0,l,1704423159.3,2024/01/05 02:52:39,2024/01/04 18:52:39 PST,"17.7 km from Mt Rainier, WA",46.8532,-121.9925,6.8,4.2
61978816,1.0,l,1704329932.58,2024/01/04 00:58:52,2024/01/03 16:58:52 PST,"17.7 km from Mt Rainier, WA",46.8498,-121.9915,7.2,4.5
61978811,2.2,l,1704329761.33,2024/01/04 00:56:01,2024/01/03 16:56:01 PST,"17.7 km from Mt Rainier, WA",46.8517,-121.9915,7.0,4.4
61978766,0.6,l,1704281724.87,2024/01/03 11:35:24,2024/01/03 03:35:24 PST,"13.3 km from Mt Rainier, WA",46.8598,-121.9345,4.6,2.8
61978761,0.5,l,1704277915.89,2024/01/03 10:31:55,2024/01/03 02:31:55 PST,"0.2 km from Mt Rainier, WA",46.8548,-121.7597,0.4,0.3
61978306,0.7,l,1703895352.56,2023/12/30 00:15:52,2023/12/29 16:15:52 PST,"18.5 km from Mt Rainier, WA",46.7353,-121.9303,0.2,0.1
61978096,0.7,l,1703619583.27,2023/12/26 19:39:43,2023/12/26 11:39:43 PST,"17.2 km from Mt Rainier, WA",46.9148,-121.9675,7.2,4.4
61978036,0.7,l,1703556572.3,2023/12/26 02:09:32,2023/12/25 18:09:32 PST,"0.2 km from Mt Rainier, WA",46.8532,-121.7577,0.5,0.3
61977981,0.8,l,1703519124.12,2023/12/25 15:45:24,2023/12/25 07:45:24 PST,"25.4 km from Mt Rainier, WA",46.6265,-121.7232,14.4,8.9
61977906,0.6,l,1703457818.95,2023/12/24 22:43:38,2023/12/24 14:43:38 PST,"13.5 km from Mt Rainier, WA",46.8963,-121.9255,8.7,5.4
61977866,0.6,l,1703426744.75,2023/12/24 14:05:44,2023/12/24 06:05:44 PST,"0.3 km from Mt Rainier, WA",46.855,-121.7568,1.4,0.9
61977636,0.0,l,1703215412.67,2023/12/22 03:23:32,2023/12/21 19:23:32 PST,"13.8 km from Mt Rainier, WA",46.8805,-121.9370,8.9,5.5
61977481,0.5,l,1703124862.1,2023/12/21 02:14:22,2023/12/20 18:14:22 PST,"17.1 km from Enumclaw, WA",47.0525,-121.9588,-0.6,-0.3
61977406,0.8,l,1703089957.56,2023/12/20 16:32:37,2023/12/20 08:32:37 PST,"1.3 km from Mt Rainier, WA",46.8563,-121.7437,-1.7,-1.1
61977356,0.6,l,1703061127.12,2023/12/20 08:32:07,2023/12/20 00:32:07 PST,"20.0 km from Mt Rainier, WA",46.6988,-121.8948,6.7,4.2
61977311,0.5,l,1703045158.35,2023/12/20 04:05:58,2023/12/19 20:05:58 PST,"16.5 km from Mt Rainier, WA",46.8538,-121.9765,6.4,4.0
61977146,0.5,l,1702968183.52,2023/12/19 06:43:03,2023/12/18 22:43:03 PST,"14.0 km from Mt Rainier, WA",46.7812,-121.9112,6.4,4.0
61977041,0.3,l,1702878475.94,2023/12/18 05:47:55,2023/12/17 21:47:55 PST,"13.3 km from Mt Rainier, WA",46.8645,-121.9342,10.7,6.6
61976931,0.7,l,1702819387.94,2023/12/17 13:23:07,2023/12/17 05:23:07 PST,"15.9 km from Mt Rainier, WA",46.8012,-121.9540,8.6,5.3
61976816,1.1,l,1702742387.91,2023/12/16 15:59:47,2023/12/16 07:59:47 PST,"14.8 km from Mt Rainier, WA",46.8722,-121.9520,9.9,6.1
61976766,0.3,l,1702704033.66,2023/12/16 05:20:33,2023/12/15 21:20:33 PST,"0.3 km from Mt Rainier, WA",46.8562,-121.7595,1.5,1.0
61976741,1.6,l,1702679879.52,2023/12/15 22:37:59,2023/12/15 14:37:59 PST,"14.5 km from Mt Rainier, WA",46.8748,-121.9478,8.5,5.3
61976711,0.7,l,1702664311.82,2023/12/15 18:18:31,2023/12/15 10:18:31 PST,"0.5 km from Mt Rainier, WA",46.8573,-121.7587,-2.2,-1.4
61976591,0.6,l,1702526468.27,2023/12/14 04:01:08,2023/12/13 20:01:08 PST,"18.9 km from Mt Rainier, WA",46.9517,-121.9625,12.5,7.7
61976366,0.4,l,1702422690.01,2023/12/12 23:11:30,2023/12/12 15:11:30 PST,"13.2 km from Mt Rainier, WA",46.8555,-121.5870,4.3,2.7
61976276,1.0,l,1702397551.58,2023/12/12 16:12:31,2023/12/12 08:12:31 PST,"14.9 km from Mt Rainier, WA",46.8777,-121.9522,9.8,6.1
61976271,0.7,l,1702392684.33,2023/12/12 14:51:24,2023/12/12 06:51:24 PST,"13.7 km from Enumclaw, WA",47.107,-121.8790,17.3,10.7
61976246,0.3,l,1702374734.68,2023/12/12 09:52:14,2023/12/12 01:52:14 PST,"13.0 km from Mt Rainier, WA",46.8475,-121.9300,10.3,6.4
61976226,0.5,l,1702346667.64,2023/12/12 02:04:27,2023/12/11 18:04:27 PST,"0.3 km from Mt Rainier, WA",46.8545,-121.7633,1.1,0.7
61976161,0.2,l,1702330982.76,2023/12/11 21:43:02,2023/12/11 13:43:02 PST,"0.3 km from Mt Rainier, WA",46.854,-121.7637,1.2,0.8
61976156,0.4,l,1702330391.88,2023/12/11 21:33:11,2023/12/11 13:33:11 PST,"0.4 km from Mt Rainier, WA",46.8555,-121.7645,1.0,0.6
61976151,0.2,l,1702330304.81,2023/12/11 21:31:44,2023/12/11 13:31:44 PST,"0.4 km from Mt Rainier, WA",46.8563,-121.7618,1.7,1.1
61976116,0.4,l,1702325007.66,2023/12/11 20:03:27,2023/12/11 12:03:27 PST,"0.2 km from Mt Rainier, WA",46.8527,-121.7625,1.5,0.9
61976031,0.5,l,1702294819.6,2023/12/11 11:40:19,2023/12/11 03:40:19 PST,"21.7 km from Mt Rainier, WA",46.6767,-121.8805,6.3,3.9
61966737,0.5,l,1702012049.04,2023/12/08 05:07:29,2023/12/07 21:07:29 PST,"15.6 km from Mt Rainier, WA",46.9215,-121.9383,13.1,8.1
61966627,0.2,l,1701975928.93,2023/12/07 19:05:28,2023/12/07 11:05:28 PST,"0.2 km from Mt Rainier, WA",46.8532,-121.7570,1.3,0.8
61966017,1.0,l,1701595712.26,2023/12/03 09:28:32,2023/12/03 01:28:32 PST,"14.7 km from Enumclaw, WA",47.0733,-121.9995,13.8,8.6
61965807,0.6,l,1701505365.52,2023/12/02 08:22:45,2023/12/02 00:22:45 PST,"9.4 km from Mt Rainier, WA",46.918,-121.8402,1.7,1.1
61965527,0.2,l,1701315407.36,2023/11/30 03:36:47,2023/11/29 19:36:47 PST,"0.7 km from Mt Rainier, WA",46.848,-121.7657,-2.1,-1.3
61965522,0.2,l,1701315249.29,2023/11/30 03:34:09,2023/11/29 19:34:09 PST,"0.4 km from Mt Rainier, WA",46.8497,-121.7578,0.0,0.0
61965387,0.1,l,1701267380.67,2023/11/29 14:16:20,2023/11/29 06:16:20 PST,"17.2 km from Mt Rainier, WA",46.9392,-121.9483,10.9,6.8
61965292,0.2,l,1701212972.89,2023/11/28 23:09:32,2023/11/28 15:09:32 PST,"0.4 km from Mt Rainier, WA",46.8503,-121.7573,-0.1,-0.1
61973951,0.1,l,1701109937.83,2023/11/27 18:32:17,2023/11/27 10:32:17 PST,"0.2 km from Mt Rainier, WA",46.8542,-121.7573,1.4,0.9
61973891,0.2,l,1701064585.16,2023/11/27 05:56:25,2023/11/26 21:56:25 PST,"0.8 km from Mt Rainier, WA",46.8458,-121.7615,1.6,1.0
61973811,0.4,l,1700959181.12,2023/11/26 00:39:41,2023/11/25 16:39:41 PST,"11.8 km from Mt Rainier, WA",46.823,-121.9085,9.2,5.7
61973701,1.4,l,1700869703.9,2023/11/24 23:48:23,2023/11/24 15:48:23 PST,"16.0 km from Mt Rainier, WA",46.7105,-121.7868,-1.1,-0.7
61973626,0.4,l,1700843138.78,2023/11/24 16:25:38,2023/11/24 08:25:38 PST,"17.5 km from Mt Rainier, WA",46.8515,-121.9897,7.6,4.7
61973601,0.5,l,1700824390.9,2023/11/24 11:13:10,2023/11/24 03:13:10 PST,"17.7 km from Mt Rainier, WA",46.8518,-121.9915,8.1,5.0
61973496,0.1,l,1700764201.17,2023/11/23 18:30:01,2023/11/23 10:30:01 PST,"0.6 km from Mt Rainier, WA",46.8583,-121.7610,1.1,0.7
61973376,1.5,l,1700650670.1,2023/11/22 10:57:50,2023/11/22 02:57:50 PST,"18.0 km from Mt Rainier, WA",46.8525,-121.9960,8.0,5.0
61973296,0.4,l,1700531788.54,2023/11/21 01:56:28,2023/11/20 17:56:28 PST,"18.1 km from Mt Rainier, WA",46.7708,-121.9638,9.3,5.8
61973271,1.1,l,1700512964.31,2023/11/20 20:42:44,2023/11/20 12:42:44 PST,"17.7 km from Mt Rainier, WA",46.8515,-121.9927,7.5,4.7
61973191,0.6,l,1700443570.14,2023/11/20 01:26:10,2023/11/19 17:26:10 PST,"15.4 km from Mt Rainier, WA",46.927,-121.9313,14.1,8.8
61972871,0.4,l,1700345458.88,2023/11/18 22:10:58,2023/11/18 14:10:58 PST,"17.9 km from Mt Rainier, WA",46.7745,-121.9638,9.1,5.7
61972856,0.6,l,1700340838.03,2023/11/18 20:53:58,2023/11/18 12:53:58 PST,"17.4 km from Mt Rainier, WA",46.7872,-121.9667,10.4,6.5
61972851,0.6,l,1700340092.33,2023/11/18 20:41:32,2023/11/18 12:41:32 PST,"17.8 km from Mt Rainier, WA",46.7697,-121.9592,9.1,5.6
61972846,1.2,l,1700339978.87,2023/11/18 20:39:38,2023/11/18 12:39:38 PST,"17.8 km from Mt Rainier, WA",46.772,-121.9610,9.4,5.8
61972841,0.4,l,1700339876.09,2023/11/18 20:37:56,2023/11/18 12:37:56 PST,"18.3 km from Mt Rainier, WA",46.7648,-121.9627,8.1,5.0
61972771,0.1,l,1700290387.57,2023/11/18 06:53:07,2023/11/17 22:53:07 PST,"14.6 km from Mt Rainier, WA",46.796,-121.9323,4.3,2.7
61972721,0.4,l,1700256818.62,2023/11/17 21:33:38,2023/11/17 13:33:38 PST,"4.2 km from Mt Rainier, WA",46.8897,-121.7435,1.5,0.9
61972606,0.4,l,1700213715.6,2023/11/17 09:35:15,2023/11/17 01:35:15 PST,"1.4 km from Mt Rainier, WA",46.8598,-121.7443,1.7,1.1
61972541,0.5,l,1700169166.87,2023/11/16 21:12:46,2023/11/16 13:12:46 PST,"17.1 km from Mt Rainier, WA",46.9628,-121.9183,6.5,4.0
61972416,1.3,l,1700096586.77,2023/11/16 01:03:06,2023/11/15 17:03:06 PST,"18.2 km from Mt Rainier, WA",46.8475,-121.9982,8.2,5.1
61972321,0.0,l,1700072120.25,2023/11/15 18:15:20,2023/11/15 10:15:20 PST,"14.1 km from Mt Rainier, WA",46.8775,-121.9418,8.9,5.5
61972136,0.4,l,1699914040.25,2023/11/13 22:20:40,2023/11/13 14:20:40 PST,"19.5 km from Eatonville, WA",46.8993,-122.0128,10.9,6.8
61972101,0.6,l,1699906018.03,2023/11/13 20:06:58,2023/11/13 12:06:58 PST,"19.8 km from Mt Rainier, WA",46.9068,-122.0072,11.7,7.2
61972001,1.5,l,1699793199.76,2023/11/12 12:46:39,2023/11/12 04:46:39 PST,"17.8 km from Mt Rainier, WA",46.8517,-121.9937,7.6,4.7
61971996,0.5,l,1699792110.12,2023/11/12 12:28:30,2023/11/12 04:28:30 PST,"18.2 km from Mt Rainier, WA",46.847,-121.9990,7.0,4.3
61971986,1.4,l,1699778415.87,2023/11/12 08:40:15,2023/11/12 00:40:15 PST,"17.6 km from Mt Rainier, WA",46.8493,-121.9905,6.9,4.3
61971541,0.6,l,1699567583.59,2023/11/09 22:06:23,2023/11/09 14:06:23 PST,"0.2 km from Mt Rainier, WA",46.8548,-121.7577,1.1,0.7
61971496,0.9,l,1699553974.51,2023/11/09 18:19:34,2023/11/09 10:19:34 PST,"20.3 km from Mt Rainier, WA",46.6987,-121.9023,3.4,2.1
61971251,1.6,l,1699467325.41,2023/11/08 18:15:25,2023/11/08 10:15:25 PST,"20.1 km from Mt Rainier, WA",46.7012,-121.9032,7.3,4.5
61970971,0.8,l,1699343596.58,2023/11/07 07:53:16,2023/11/06 23:53:16 PST,"13.8 km from Mt Rainier, WA",46.829,-121.9375,9.2,5.7
61970526,0.9,l,1699204826.52,2023/11/05 17:20:26,2023/11/05 09:20:26 PST,"16.0 km from Mt Rainier, WA",46.7608,-121.9198,3.2,2.0
61970521,1.7,l,1699204109.75,2023/11/05 17:08:29,2023/11/05 09:08:29 PST,"15.7 km from Mt Rainier, WA",46.762,-121.9175,3.1,1.9
61970456,1.0,l,1699134620.16,2023/11/04 21:50:20,2023/11/04 14:50:20 PDT,"17.0 km from Mt Rainier, WA",46.747,-121.9210,2.0,1.2
61970301,0.7,l,1699115417.12,2023/11/04 16:30:17,2023/11/04 09:30:17 PDT,"0.3 km from Mt Rainier, WA",46.855,-121.7635,1.1,0.7
61961227,1.0,l,1699006069.34,2023/11/03 10:07:49,2023/11/03 03:07:49 PDT,"27.0 km from Mt Rainier, WA",46.6107,-121.7482,12.9,8.0
61961172,0.6,l,1698968296.02,2023/11/02 23:38:16,2023/11/02 16:38:16 PDT,"12.4 km from Mt Rainier, WA",46.8495,-121.9227,4.0,2.5
61961132,0.7,l,1698961019.53,2023/11/02 21:36:59,2023/11/02 14:36:59 PDT,"0.2 km from Mt Rainier, WA",46.8545,-121.7615,1.5,0.9
61960992,0.4,l,1698890354.81,2023/11/02 01:59:14,2023/11/01 18:59:14 PDT,"15.2 km from Mt Rainier, WA",46.8713,-121.9582,9.0,5.6
61960887,0.7,l,1698853471.83,2023/11/01 15:44:31,2023/11/01 08:44:31 PDT,"0.6 km from Mt Rainier, WA",46.8487,-121.7645,-0.1,0.0
61960867,0.6,l,1698836969.01,2023/11/01 11:09:29,2023/11/01 04:09:29 PDT,"14.5 km from Mt Rainier, WA",46.9007,-121.9367,6.2,3.9
61960852,0.7,l,1698822419.55,2023/11/01 07:06:59,2023/11/01 00:06:59 PDT,"19.4 km from Mt Rainier, WA",46.8355,-122.0125,7.1,4.4
61960702,0.3,l,1698779907.32,2023/10/31 19:18:27,2023/10/31 12:18:27 PDT,"0.9 km from Mt Rainier, WA",46.846,-121.7663,0.3,0.2
61960497,0.0,l,1698711325.15,2023/10/31 00:15:25,2023/10/30 17:15:25 PDT,"12.2 km from Mt Rainier, WA",46.8258,-121.9143,2.7,1.6
61960472,0.5,l,1698701878.61,2023/10/30 21:37:58,2023/10/30 14:37:58 PDT,"15.2 km from Mt Rainier, WA",46.8898,-121.9522,9.5,5.9
61960277,0.2,l,1698603819.86,2023/10/29 18:23:39,2023/10/29 11:23:39 PDT,"0.8 km from Mt Rainier, WA",46.8458,-121.7592,1.1,0.7
61960077,0.2,l,1698525800.46,2023/10/28 20:43:20,2023/10/28 13:43:20 PDT,"14.5 km from Mt Rainier, WA",46.7635,-121.8983,6.6,4.1
61959957,1.1,l,1698497765.46,2023/10/28 12:56:05,2023/10/28 05:56:05 PDT,"0.9 km from Mt Rainier, WA",46.8452,-121.7588,0.2,0.1
61959627,0.3,l,1698406284.6,2023/10/27 11:31:24,2023/10/27 04:31:24 PDT,"15.4 km from Mt Rainier, WA",46.87,-121.9603,9.0,5.6
61959612,0.5,l,1698402701.1,2023/10/27 10:31:41,2023/10/27 03:31:41 PDT,"14.2 km from Mt Rainier, WA",46.7532,-121.8758,2.8,1.7
61959567,0.8,l,1698377665.2,2023/10/27 03:34:25,2023/10/26 20:34:25 PDT,"25.1 km from Mt Rainier, WA",46.9802,-122.0325,13.0,8.1
61959522,0.2,l,1698357537.02,2023/10/26 21:58:57,2023/10/26 14:58:57 PDT,"17.4 km from Mt Rainier, WA",46.7613,-121.9440,7.4,4.6
61959327,1.2,l,1698313096.51,2023/10/26 09:38:16,2023/10/26 02:38:16 PDT,"0.5 km from Mt Rainier, WA",46.8507,-121.7548,1.4,0.8
61959317,0.4,l,1698310117.21,2023/10/26 08:48:37,2023/10/26 01:48:37 PDT,"22.0 km from Eatonville, WA",46.734,-122.0518,13.2,8.2
61959312,0.3,l,1698306194,2023/10/26 07:43:14,2023/10/26 00:43:14 PDT,"0.6 km from Mt Rainier, WA",46.8542,-121.7528,1.5,1.0
61959307,0.3,l,1698305235.91,2023/10/26 07:27:15,2023/10/26 00:27:15 PDT,"0.4 km from Mt Rainier, WA",46.8542,-121.7545,1.3,0.8
61959297,1.7,l,1698303603.6,2023/10/26 07:00:03,2023/10/26 00:00:03 PDT,"0.4 km from Mt Rainier, WA",46.8532,-121.7548,0.7,0.5
61959292,0.8,l,1698303012.22,2023/10/26 06:50:12,2023/10/25 23:50:12 PDT,"0.5 km from Mt Rainier, WA",46.8507,-121.7545,1.6,1.0
61959287,0.1,l,1698302583.61,2023/10/26 06:43:03,2023/10/25 23:43:03 PDT,"0.8 km from Mt Rainier, WA",46.8463,-121.7585,0.8,0.5
61959162,0.4,l,1698255922.82,2023/10/25 17:45:22,2023/10/25 10:45:22 PDT,"0.9 km from Mt Rainier, WA",46.8527,-121.7488,1.9,1.2
61959152,1.0,l,1698250676.57,2023/10/25 16:17:56,2023/10/25 09:17:56 PDT,"14.7 km from Mt Rainier, WA",46.8983,-121.9417,6.7,4.1
61959107,1.3,l,1698182392.73,2023/10/24 21:19:52,2023/10/24 14:19:52 PDT,"20.2 km from Mt Rainier, WA",46.701,-121.9033,6.0,3.7
61958722,0.5,l,1698013960.22,2023/10/22 22:32:40,2023/10/22 15:32:40 PDT,"17.6 km from Mt Rainier, WA",46.7772,-121.9628,9.1,5.6
61958687,0.3,l,1698002848.88,2023/10/22 19:27:28,2023/10/22 12:27:28 PDT,"0.6 km from Mt Rainier, WA",46.8523,-121.7527,0.8,0.5
61958592,0.1,l,1697949038.28,2023/10/22 04:30:38,2023/10/21 21:30:38 PDT,"13.5 km from Mt Rainier, WA",46.8882,-121.9298,7.7,4.8
61958587,0.3,l,1697944963.8,2023/10/22 03:22:43,2023/10/21 20:22:43 PDT,"16.1 km from Mt Rainier, WA",46.928,-121.9412,8.7,5.4
61958387,0.3,l,1697904034.23,2023/10/21 16:00:34,2023/10/21 09:00:34 PDT,"1.8 km from Mt Rainier, WA",46.8685,-121.7525,-0.4,-0.3
61958342,0.8,l,1697898345.22,2023/10/21 14:25:45,2023/10/21 07:25:45 PDT,"17.9 km from Mt Rainier, WA",46.7708,-121.9620,9.5,5.9
61958227,0.8,l,1697827287.06,2023/10/20 18:41:27,2023/10/20 11:41:27 PDT,"14.4 km from Mt Rainier, WA",46.7553,-121.8842,3.0,1.8
61958212,1.7,l,1697823610.71,2023/10/20 17:40:10,2023/10/20 10:40:10 PDT,"14.5 km from Mt Rainier, WA",46.7548,-121.8848,3.2,2.0
61958202,0.6,l,1697820839.1,2023/10/20 16:53:59,2023/10/20 09:53:59 PDT,"1.9 km from Mt Rainier, WA",46.8695,-121.7525,-0.7,-0.4
61957867,0.6,l,1697650949.01,2023/10/18 17:42:29,2023/10/18 10:42:29 PDT,"14.5 km from Mt Rainier, WA",46.8637,-121.9497,2.4,1.5
61957807,0.7,l,1697620671.98,2023/10/18 09:17:51,2023/10/18 02:17:51 PDT,"11.0 km from Mt Rainier, WA",46.8993,-121.8878,5.3,3.3
61966426,0.3,l,1697513548.6,2023/10/17 03:32:28,2023/10/16 20:32:28 PDT,"6.5 km from Mt Rainier, WA",46.8937,-121.8213,0.5,0.3
61966416,0.7,l,1697510356.77,2023/10/17 02:39:16,2023/10/16 19:39:16 PDT,"21.4 km from Mt Rainier, WA",46.6835,-121.8933,5.5,3.4
61966356,0.7,l,1697467993.54,2023/10/16 14:53:13,2023/10/16 07:53:13 PDT,"15.2 km from Enumclaw, WA",47.0687,-121.9983,15.0,9.3
61966206,0.7,l,1697399012.12,2023/10/15 19:43:32,2023/10/15 12:43:32 PDT,"21.8 km from Eatonville, WA",46.735,-122.0537,13.5,8.3
61966171,0.1,l,1697392662.61,2023/10/15 17:57:42,2023/10/15 10:57:42 PDT,"0.3 km from Mt Rainier, WA",46.8508,-121.7593,0.8,0.5
61966066,1.1,l,1697321626.87,2023/10/14 22:13:46,2023/10/14 15:13:46 PDT,"0.3 km from Mt Rainier, WA",46.8517,-121.7628,-0.4,-0.2
61965996,0.5,l,1697300094.74,2023/10/14 16:14:54,2023/10/14 09:14:54 PDT,"17.7 km from Mt Rainier, WA",46.694,-121.7718,6.8,4.2
61965961,0.3,l,1697269780.27,2023/10/14 07:49:40,2023/10/14 00:49:40 PDT,"14.5 km from Mt Rainier, WA",46.899,-121.9375,6.5,4.0
61965901,0.5,l,1697236050.46,2023/10/13 22:27:30,2023/10/13 15:27:30 PDT,"1.4 km from Mt Rainier, WA",46.8408,-121.7625,0.0,0.0
61965786,0.5,l,1697217408.89,2023/10/13 17:16:48,2023/10/13 10:16:48 PDT,"16.0 km from Mt Rainier, WA",46.7675,-121.9287,5.0,3.1
61965561,0.7,l,1697111040.09,2023/10/12 11:44:00,2023/10/12 04:44:00 PDT,"15.2 km from Enumclaw, WA",47.0687,-122.0077,15.1,9.4
61965151,0.8,l,1696870493.82,2023/10/09 16:54:53,2023/10/09 09:54:53 PDT,"1.0 km from Mt Rainier, WA",46.8598,-121.7505,0.3,0.2
61964926,0.8,l,1696772725.2,2023/10/08 13:45:25,2023/10/08 06:45:25 PDT,"1.1 km from Mt Rainier, WA",46.8437,-121.7608,0.4,0.3
61964671,0.4,l,1696660551.79,2023/10/07 06:35:51,2023/10/06 23:35:51 PDT,"0.6 km from Mt Rainier, WA",46.848,-121.7622,0.2,0.1
61964646,0.2,l,1696644995.79,2023/10/07 02:16:35,2023/10/06 19:16:35 PDT,"13.2 km from Mt Rainier, WA",46.7663,-121.8787,7.6,4.7
61964636,0.3,l,1696641914.2,2023/10/07 01:25:14,2023/10/06 18:25:14 PDT,"0.7 km from Mt Rainier, WA",46.8473,-121.7628,-0.4,-0.2
61964631,0.6,l,1696640930.72,2023/10/07 01:08:50,2023/10/06 18:08:50 PDT,"0.7 km from Mt Rainier, WA",46.847,-121.7623,-0.1,-0.1
61964606,0.4,l,1696635196.88,2023/10/06 23:33:16,2023/10/06 16:33:16 PDT,"21.8 km from Mt Rainier, WA",46.9687,-121.9915,9.3,5.7
61964541,0.6,l,1696623245.5,2023/10/06 20:14:05,2023/10/06 13:14:05 PDT,"13.3 km from Mt Rainier, WA",46.9652,-121.8235,1.2,0.7
61964191,0.0,l,1696487445.62,2023/10/05 06:30:45,2023/10/04 23:30:45 PDT,"0.3 km from Mt Rainier, WA",46.855,-121.7575,1.0,0.6
61964091,0.5,l,1696453497.64,2023/10/04 21:04:57,2023/10/04 14:04:57 PDT,"13.7 km from Mt Rainier, WA",46.858,-121.9397,11.2,6.9
61963881,0.2,l,1696392424.14,2023/10/04 04:07:04,2023/10/03 21:07:04 PDT,"15.1 km from Mt Rainier, WA",46.8632,-121.9572,9.0,5.6
61963656,0.7,l,1696287513.51,2023/10/02 22:58:33,2023/10/02 15:58:33 PDT,"0.5 km from Mt Rainier, WA",46.8528,-121.7528,0.9,0.6
61963341,0.2,l,1696142849.67,2023/10/01 06:47:29,2023/09/30 23:47:29 PDT,"2.0 km from Mt Rainier, WA",46.8448,-121.7370,-1.6,-1.0
61963321,0.8,l,1696129945.29,2023/10/01 03:12:25,2023/09/30 20:12:25 PDT,"2.1 km from Mt Rainier, WA",46.8437,-121.7362,-1.3,-0.8
61963136,0.3,l,1696082156.78,2023/09/30 13:55:56,2023/09/30 06:55:56 PDT,"19.3 km from Mt Rainier, WA",46.7123,-121.9072,4.1,2.5
61963131,1.3,l,1696081206.58,2023/09/30 13:40:06,2023/09/30 06:40:06 PDT,"18.6 km from Mt Rainier, WA",46.7143,-121.8945,4.3,2.6
61963101,0.9,l,1696060332.83,2023/09/30 07:52:12,2023/09/30 00:52:12 PDT,"25.7 km from Mt Rainier, WA",46.6243,-121.8087,7.7,4.8
61963041,0.5,l,1696026104.24,2023/09/29 22:21:44,2023/09/29 15:21:44 PDT,"13.7 km from Mt Rainier, WA",46.856,-121.9400,9.5,5.9
61962756,0.7,l,1695923396.04,2023/09/28 17:49:56,2023/09/28 10:49:56 PDT,"16.4 km from Mt Rainier, WA",46.7585,-121.9245,3.9,2.4
61953867,0.5,l,1695886968.75,2023/09/28 07:42:48,2023/09/28 00:42:48 PDT,"1.6 km from Mt Rainier, WA",46.8445,-121.7432,0.3,0.2
61962256,0.3,l,1695712194.81,2023/09/26 07:09:54,2023/09/26 00:09:54 PDT,"11.4 km from Mt Rainier, WA",46.8285,-121.9057,8.7,5.4
61962131,0.8,l,1695627691.09,2023/09/25 07:41:31,2023/09/25 00:41:31 PDT,"24.4 km from Mt Rainier, WA",46.642,-121.6727,7.4,4.6
61962126,1.2,l,1695627046.52,2023/09/25 07:30:46,2023/09/25 00:30:46 PDT,"0.5 km from Mt Rainier, WA",46.8518,-121.7542,1.3,0.8
61962121,1.9,l,1695620065.79,2023/09/25 05:34:25,2023/09/24 22:34:25 PDT,"1.0 km from Mt Rainier, WA",46.852,-121.7477,-2.1,-1.3
61961786,0.1,l,1695441937.07,2023/09/23 04:05:37,2023/09/22 21:05:37 PDT,"1.4 km from Mt Rainier, WA",46.855,-121.7423,-1.4,-0.9
61961491,0.9,l,1695394683.42,2023/09/22 14:58:03,2023/09/22 07:58:03 PDT,"3.4 km from Mt Rainier, WA",46.8255,-121.7797,-2.4,-1.5
61961451,0.6,l,1695382239.76,2023/09/22 11:30:39,2023/09/22 04:30:39 PDT,"21.9 km from Goat Rocks, WA",46.7132,-121.4777,4.4,2.7
61961261,0.2,l,1695315568.2,2023/09/21 16:59:28,2023/09/21 09:59:28 PDT,"8.2 km from Mt Rainier, WA",46.8263,-121.8595,3.0,1.8
61961161,0.4,l,1695271860.04,2023/09/21 04:51:00,2023/09/20 21:51:00 PDT,"14.7 km from Mt Rainier, WA",46.7402,-121.6610,8.6,5.3
61961146,0.6,l,1695265822.68,2023/09/21 03:10:22,2023/09/20 20:10:22 PDT,"17.8 km from Mt Rainier, WA",46.775,-121.9640,8.8,5.5
61961141,0.5,l,1695265448.5,2023/09/21 03:04:08,2023/09/20 20:04:08 PDT,"15.4 km from Mt Rainier, WA",46.8613,-121.9618,9.7,6.0
61961021,0.5,l,1695225588.88,2023/09/20 15:59:48,2023/09/20 08:59:48 PDT,"17.8 km from Mt Rainier, WA",46.7745,-121.9630,8.9,5.5
61960991,0.7,l,1695196035.07,2023/09/20 07:47:15,2023/09/20 00:47:15 PDT,"0.9 km from Mt Rainier, WA",46.8457,-121.7585,0.6,0.4
61960926,0.4,l,1695169062.7,2023/09/20 00:17:42,2023/09/19 17:17:42 PDT,"0.2 km from Mt Rainier, WA",46.8525,-121.7582,0.6,0.4
61960821,0.6,l,1695139207.54,2023/09/19 16:00:07,2023/09/19 09:00:07 PDT,"0.4 km from Mt Rainier, WA",46.8517,-121.7548,1.5,0.9
61960801,0.1,l,1695126488.73,2023/09/19 12:28:08,2023/09/19 05:28:08 PDT,"1.8 km from Mt Rainier, WA",46.8568,-121.7832,-2.7,-1.7
61960776,0.2,l,1695112318.81,2023/09/19 08:31:58,2023/09/19 01:31:58 PDT,"1.8 km from Mt Rainier, WA",46.8673,-121.7495,-2.7,-1.7
61960621,0.3,l,1695051022.28,2023/09/18 15:30:22,2023/09/18 08:30:22 PDT,"0.3 km from Mt Rainier, WA",46.8517,-121.7570,1.5,0.9
61960381,0.1,l,1694920476.4,2023/09/17 03:14:36,2023/09/16 20:14:36 PDT,"0.4 km from Mt Rainier, WA",46.855,-121.7645,1.1,0.7
61960331,1.4,l,1694895024.37,2023/09/16 20:10:24,2023/09/16 13:10:24 PDT,"18.0 km from Mt Rainier, WA",46.7738,-121.9652,9.6,5.9
61960321,0.3,l,1694893129.94,2023/09/16 19:38:49,2023/09/16 12:38:49 PDT,"0.6 km from Mt Rainier, WA",46.8478,-121.7612,0.2,0.1
61959971,0.4,l,1694770872.81,2023/09/15 09:41:12,2023/09/15 02:41:12 PDT,"1.0 km from Mt Rainier, WA",46.8447,-121.7615,0.1,0.1
61959941,0.1,l,1694759599.16,2023/09/15 06:33:19,2023/09/14 23:33:19 PDT,"13.4 km from Mt Rainier, WA",46.8037,-121.9203,3.6,2.2
61950972,1.1,l,1694716106.08,2023/09/14 18:28:26,2023/09/14 11:28:26 PDT,"27.0 km from Mt Rainier, WA",47.087,-121.8547,16.6,10.3
61950832,0.3,l,1694685612.92,2023/09/14 10:00:12,2023/09/14 03:00:12 PDT,"18.4 km from Mt Rainier, WA",46.964,-121.9402,4.3,2.6
61950672,0.4,l,1694634548.97,2023/09/13 19:49:08,2023/09/13 12:49:08 PDT,"15.1 km from Mt Rainier, WA",46.7893,-121.9342,9.7,6.0
61950572,0.8,l,1694606820.33,2023/09/13 12:07:00,2023/09/13 05:07:00 PDT,"17.7 km from Mt Rainier, WA",46.7757,-121.9630,9.6,6.0
61950522,0.5,l,1694584950.17,2023/09/13 06:02:30,2023/09/12 23:02:30 PDT,"17.4 km from Mt Rainier, WA",46.7795,-121.9613,9.2,5.7
61950372,1.3,l,1694544996.96,2023/09/12 18:56:36,2023/09/12 11:56:36 PDT,"21.3 km from Mt Rainier, WA",46.9642,-121.9875,8.4,5.2
61950337,1.1,l,1694536128.89,2023/09/12 16:28:48,2023/09/12 09:28:48 PDT,"10.2 km from Mt Rainier, WA",46.8643,-121.8927,8.4,5.2
61950312,0.9,l,1694530978.35,2023/09/12 15:02:58,2023/09/12 08:02:58 PDT,"0.2 km from Mt Rainier, WA",46.8517,-121.7620,1.0,0.6
61950187,0.4,l,1694472504.57,2023/09/11 22:48:24,2023/09/11 15:48:24 PDT,"0.1 km from Mt Rainier, WA",46.8535,-121.7593,0.6,0.4
61949532,0.4,l,1694234349.07,2023/09/09 04:39:09,2023/09/08 21:39:09 PDT,"5.6 km from Mt Rainier, WA",46.8502,-121.6862,-2.5,-1.5
61958141,1.0,l,1694176003.66,2023/09/08 12:26:43,2023/09/08 05:26:43 PDT,"6.8 km from Mt Rainier, WA",46.9143,-121.7650,2.5,1.5
61958136,0.9,l,1694174804.3,2023/09/08 12:06:44,2023/09/08 05:06:44 PDT,"12.5 km from Mt Rainier, WA",46.794,-121.8998,5.6,3.5
61958091,0.2,l,1694153293.45,2023/09/08 06:08:13,2023/09/07 23:08:13 PDT,"0.2 km from Mt Rainier, WA",46.8545,-121.7590,0.4,0.2
61958096,0.0,l,1694153240.51,2023/09/08 06:07:20,2023/09/07 23:07:20 PDT,"0.1 km from Mt Rainier, WA",46.853,-121.7587,0.4,0.3
61958081,1.1,l,1694153124.07,2023/09/08 06:05:24,2023/09/07 23:05:24 PDT,"0.3 km from Mt Rainier, WA",46.8503,-121.7602,0.2,0.1
61502768,1.5,l,1694153097.52,2023/09/08 06:04:57,2023/09/07 23:04:57 PDT,"0.1 km from Mt Rainier, WA",46.8527,-121.7583,0.9,0.5
61958076,1.3,l,1694153091.61,2023/09/08 06:04:51,2023/09/07 23:04:51 PDT,"0.4 km from Mt Rainier, WA",46.8552,-121.7645,0.2,0.1
61957831,0.2,l,1694070515.8,2023/09/07 07:08:35,2023/09/07 00:08:35 PDT,"11.3 km from Mt Rainier, WA",46.8197,-121.8992,6.2,3.8
61957821,0.1,l,1694063808.97,2023/09/07 05:16:48,2023/09/06 22:16:48 PDT,"0.6 km from Mt Rainier, WA",46.8482,-121.7605,-2.3,-1.4
61957556,0.6,l,1693995188.17,2023/09/06 10:13:08,2023/09/06 03:13:08 PDT,"15.7 km from Mt Rainier, WA",46.7295,-121.8597,8.7,5.4
61957321,0.5,l,1693910050.87,2023/09/05 10:34:10,2023/09/05 03:34:10 PDT,"0.2 km from Mt Rainier, WA",46.8533,-121.7575,1.2,0.7
61957276,0.5,l,1693898315.52,2023/09/05 07:18:35,2023/09/05 00:18:35 PDT,"20.8 km from Mt Rainier, WA",46.7518,-121.9885,10.3,6.4
61957271,0.2,l,1693897802.38,2023/09/05 07:10:02,2023/09/05 00:10:02 PDT,"1.3 km from Mt Rainier, WA",46.85,-121.7765,-0.1,-0.1
61957001,0.4,l,1693820060.61,2023/09/04 09:34:20,2023/09/04 02:34:20 PDT,"17.8 km from Mt Rainier, WA",46.7748,-121.9637,9.8,6.1
61956996,0.6,l,1693819853.61,2023/09/04 09:30:53,2023/09/04 02:30:53 PDT,"17.6 km from Mt Rainier, WA",46.7738,-121.9590,9.6,6.0
61956961,0.4,l,1693794236.08,2023/09/04 02:23:56,2023/09/03 19:23:56 PDT,"12.9 km from Mt Rainier, WA",46.807,-121.9147,9.8,6.1
61956816,0.6,l,1693747648.74,2023/09/03 13:27:28,2023/09/03 06:27:28 PDT,"0.0 km from Mt Rainier, WA",46.853,-121.7598,1.2,0.7
61956621,0.5,l,1693682114.31,2023/09/02 19:15:14,2023/09/02 12:15:14 PDT,"25.4 km from Mt Rainier, WA",46.6543,-121.9242,7.6,4.7
61956591,0.3,l,1693676794.58,2023/09/02 17:46:34,2023/09/02 10:46:34 PDT,"11.7 km from Mt Rainier, WA",46.8613,-121.9125,10.0,6.2
61956566,0.6,l,1693667667.9,2023/09/02 15:14:27,2023/09/02 08:14:27 PDT,"17.8 km from Mt Rainier, WA",46.7752,-121.9635,9.2,5.7
61956551,0.2,l,1693662393.15,2023/09/02 13:46:33,2023/09/02 06:46:33 PDT,"0.1 km from Mt Rainier, WA",46.8527,-121.7590,1.7,1.0
61956546,0.4,l,1693662309.83,2023/09/02 13:45:09,2023/09/02 06:45:09 PDT,"3.5 km from Mt Rainier, WA",46.826,-121.7838,-2.3,-1.5
61956516,1.3,l,1693640234.65,2023/09/02 07:37:14,2023/09/02 00:37:14 PDT,"12.3 km from Mt Rainier, WA",46.8622,-121.9202,10.0,6.2
61947457,0.6,l,1693582804.43,2023/09/01 15:40:04,2023/09/01 08:40:04 PDT,"0.4 km from Mt Rainier, WA",46.8542,-121.7545,-2.3,-1.4
61947452,0.8,l,1693582471.71,2023/09/01 15:34:31,2023/09/01 08:34:31 PDT,"2.7 km from Mt Rainier, WA",46.8297,-121.7540,1.1,0.7
61947397,0.2,l,1693565746.78,2023/09/01 10:55:46,2023/09/01 03:55:46 PDT,"16.5 km from Mt Rainier, WA",46.7805,-121.9485,9.2,5.7
61947367,0.8,l,1693555555.8,2023/09/01 08:05:55,2023/09/01 01:05:55 PDT,"17.2 km from Mt Rainier, WA",46.7812,-121.9593,9.2,5.7
61947357,0.8,l,1693546090.79,2023/09/01 05:28:10,2023/08/31 22:28:10 PDT,"0.3 km from Mt Rainier, WA",46.8533,-121.7563,-0.1,-0.1
61947077,1.1,l,1693507227.51,2023/08/31 18:40:27,2023/08/31 11:40:27 PDT,"0.4 km from Mt Rainier, WA",46.8507,-121.7573,1.1,0.7
61947072,0.4,l,1693506327.16,2023/08/31 18:25:27,2023/08/31 11:25:27 PDT,"18.1 km from Mt Rainier, WA",46.768,-121.9613,8.0,4.9
61947002,0.5,l,1693494856.13,2023/08/31 15:14:16,2023/08/31 08:14:16 PDT,"18.2 km from Mt Rainier, WA",46.7712,-121.9665,8.9,5.5
61946917,0.6,l,1693460044.72,2023/08/31 05:34:04,2023/08/30 22:34:04 PDT,"5.4 km from Mt Rainier, WA",46.8337,-121.6953,8.5,5.2
61946722,0.7,l,1693411086.05,2023/08/30 15:58:06,2023/08/30 08:58:06 PDT,"17.4 km from Mt Rainier, WA",46.779,-121.9608,8.9,5.5
61946637,0.0,l,1693391534.98,2023/08/30 10:32:14,2023/08/30 03:32:14 PDT,"12.8 km from Mt Rainier, WA",46.8613,-121.9273,10.6,6.6
61946592,0.5,l,1693376006.14,2023/08/30 06:13:26,2023/08/29 23:13:26 PDT,"17.3 km from Mt Rainier, WA",46.78,-121.9600,9.3,5.8
61946587,0.6,l,1693375189.67,2023/08/30 05:59:49,2023/08/29 22:59:49 PDT,"17.3 km from Mt Rainier, WA",46.78,-121.9602,9.4,5.8
61946512,0.2,l,1693356670.05,2023/08/30 00:51:10,2023/08/29 17:51:10 PDT,"16.5 km from Mt Rainier, WA",46.7862,-121.9528,8.9,5.5
61945652,0.4,l,1693304504.84,2023/08/29 10:21:44,2023/08/29 03:21:44 PDT,"17.8 km from Mt Rainier, WA",46.7718,-121.9607,10.0,6.2
61945622,0.9,l,1693295099.43,2023/08/29 07:44:59,2023/08/29 00:44:59 PDT,"17.4 km from Mt Rainier, WA",46.7765,-121.9583,9.5,5.9
61945612,0.8,l,1693288472.04,2023/08/29 05:54:32,2023/08/28 22:54:32 PDT,"18.1 km from Mt Rainier, WA",46.7173,-121.8905,4.5,2.8
61945607,0.3,l,1693288188.53,2023/08/29 05:49:48,2023/08/28 22:49:48 PDT,"17.7 km from Mt Rainier, WA",46.775,-121.9620,9.0,5.6
61945602,0.6,l,1693286749.6,2023/08/29 05:25:49,2023/08/28 22:25:49 PDT,"16.2 km from Mt Rainier, WA",46.7848,-121.9478,9.2,5.7
61945592,0.2,l,1693285629.16,2023/08/29 05:07:09,2023/08/28 22:07:09 PDT,"0.5 km from Mt Rainier, WA",46.8498,-121.7560,3.1,1.9
61945557,0.3,l,1693278477.93,2023/08/29 03:07:57,2023/08/28 20:07:57 PDT,"17.4 km from Mt Rainier, WA",46.7777,-121.9597,9.9,6.2
61945447,0.4,l,1693260663.59,2023/08/28 22:11:03,2023/08/28 15:11:03 PDT,"15.8 km from Mt Rainier, WA",46.7837,-121.9410,8.6,5.4
61954276,1.2,l,1693259519.67,2023/08/28 21:51:59,2023/08/28 14:51:59 PDT,"16.7 km from Mt Rainier, WA",46.7817,-121.9517,9.2,5.7
61954221,0.7,l,1693248479.2,2023/08/28 18:47:59,2023/08/28 11:47:59 PDT,"17.6 km from Mt Rainier, WA",46.7757,-121.9612,9.4,5.8
61954136,0.5,l,1693227511.74,2023/08/28 12:58:31,2023/08/28 05:58:31 PDT,"17.4 km from Mt Rainier, WA",46.7765,-121.9580,9.2,5.7
61954116,0.2,l,1693218321.18,2023/08/28 10:25:21,2023/08/28 03:25:21 PDT,"17.2 km from Mt Rainier, WA",46.7763,-121.9555,9.3,5.8
61954106,1.3,l,1693210482.96,2023/08/28 08:14:42,2023/08/28 01:14:42 PDT,"18.0 km from Mt Rainier, WA",46.7723,-121.9635,9.4,5.8
61954071,0.7,l,1693196900.74,2023/08/28 04:28:20,2023/08/27 21:28:20 PDT,"18.5 km from Mt Rainier, WA",46.7683,-121.9677,9.5,5.9
61954041,0.3,l,1693190696.29,2023/08/28 02:44:56,2023/08/27 19:44:56 PDT,"18.5 km from Mt Rainier, WA",46.7687,-121.9680,9.1,5.6
61954031,0.5,l,1693187936.49,2023/08/28 01:58:56,2023/08/27 18:58:56 PDT,"16.6 km from Mt Rainier, WA",46.7825,-121.9510,9.3,5.8
61954021,0.6,l,1693185908.29,2023/08/28 01:25:08,2023/08/27 18:25:08 PDT,"18.1 km from Mt Rainier, WA",46.7732,-121.9663,9.9,6.1
61953926,0.7,l,1693166867.16,2023/08/27 20:07:47,2023/08/27 13:07:47 PDT,"17.2 km from Mt Rainier, WA",46.778,-121.9573,8.7,5.4
61953821,0.6,l,1693144940.4,2023/08/27 14:02:20,2023/08/27 07:02:20 PDT,"18.0 km from Mt Rainier, WA",46.7742,-121.9665,9.2,5.7
61953806,0.8,l,1693142763.39,2023/08/27 13:26:03,2023/08/27 06:26:03 PDT,"16.8 km from Mt Rainier, WA",46.7802,-121.9530,9.8,6.1
61953791,0.3,l,1693140623.5,2023/08/27 12:50:23,2023/08/27 05:50:23 PDT,"18.0 km from Mt Rainier, WA",46.7698,-121.9625,9.2,5.7
61953781,0.7,l,1693140080.95,2023/08/27 12:41:20,2023/08/27 05:41:20 PDT,"17.6 km from Mt Rainier, WA",46.7753,-121.9608,9.5,5.9
61953776,0.7,l,1693139818.5,2023/08/27 12:36:58,2023/08/27 05:36:58 PDT,"17.6 km from Mt Rainier, WA",46.7772,-121.9625,9.4,5.8
61953771,0.3,l,1693137315.91,2023/08/27 11:55:15,2023/08/27 04:55:15 PDT,"17.1 km from Mt Rainier, WA",46.7792,-121.9565,9.9,6.1
61953766,0.2,l,1693136776.91,2023/08/27 11:46:16,2023/08/27 04:46:16 PDT,"17.1 km from Mt Rainier, WA",46.7765,-121.9547,9.8,6.1
61953756,0.5,l,1693136279.61,2023/08/27 11:37:59,2023/08/27 04:37:59 PDT,"18.1 km from Mt Rainier, WA",46.7738,-121.9672,9.7,6.0
61953751,0.5,l,1693136257.23,2023/08/27 11:37:37,2023/08/27 04:37:37 PDT,"16.4 km from Mt Rainier, WA",46.7832,-121.9490,9.0,5.6
61953746,1.5,l,1693136113.5,2023/08/27 11:35:13,2023/08/27 04:35:13 PDT,"17.5 km from Mt Rainier, WA",46.7758,-121.9597,9.1,5.6
61953736,1.8,l,1693134992.73,2023/08/27 11:16:32,2023/08/27 04:16:32 PDT,"17.7 km from Mt Rainier, WA",46.7737,-121.9602,9.1,5.6
61953731,1.1,l,1693133857.06,2023/08/27 10:57:37,2023/08/27 03:57:37 PDT,"18.2 km from Mt Rainier, WA",46.7705,-121.9652,9.4,5.8
61953721,0.4,l,1693132606.98,2023/08/27 10:36:46,2023/08/27 03:36:46 PDT,"17.1 km from Mt Rainier, WA",46.7787,-121.9563,9.8,6.1
61953716,1.0,l,1693132428.93,2023/08/27 10:33:48,2023/08/27 03:33:48 PDT,"17.8 km from Mt Rainier, WA",46.7733,-121.9623,9.4,5.8
61953711,0.6,l,1693131975.07,2023/08/27 10:26:15,2023/08/27 03:26:15 PDT,"16.8 km from Mt Rainier, WA",46.7805,-121.9535,9.1,5.6
61953701,2.7,l,1693131023.74,2023/08/27 10:10:23,2023/08/27 03:10:23 PDT,"17.6 km from Mt Rainier, WA",46.7722,-121.9578,9.5,5.9
61953696,1.0,l,1693130288.48,2023/08/27 09:58:08,2023/08/27 02:58:08 PDT,"17.9 km from Mt Rainier, WA",46.7738,-121.9635,9.4,5.8
61953676,0.6,l,1693119293.62,2023/08/27 06:54:53,2023/08/26 23:54:53 PDT,"17.4 km from Mt Rainier, WA",46.778,-121.9595,9.6,5.9
61953671,0.7,l,1693117802.09,2023/08/27 06:30:02,2023/08/26 23:30:02 PDT,"17.4 km from Mt Rainier, WA",46.7782,-121.9600,9.4,5.8
61953661,1.2,l,1693115907.61,2023/08/27 05:58:27,2023/08/26 22:58:27 PDT,"17.5 km from Mt Rainier, WA",46.7762,-121.9600,9.8,6.1
61953651,2.1,l,1693114565.44,2023/08/27 05:36:05,2023/08/26 22:36:05 PDT,"17.6 km from Mt Rainier, WA",46.774,-121.9590,9.5,5.9
61953626,0.4,l,1693098733.3,2023/08/27 01:12:13,2023/08/26 18:12:13 PDT,"1.2 km from Mt Rainier, WA",46.8478,-121.7728,-2.6,-1.6
61953456,0.2,l,1693034299.88,2023/08/26 07:18:19,2023/08/26 00:18:19 PDT,"4.3 km from Mt Rainier, WA",46.8452,-121.7048,-1.6,-1.0
61953341,0.4,l,1692994921.54,2023/08/25 20:22:01,2023/08/25 13:22:01 PDT,"11.2 km from Mt Rainier, WA",46.8647,-121.9055,9.7,6.0
61944157,1.4,l,1692948196.24,2023/08/25 07:23:16,2023/08/25 00:23:16 PDT,"20.0 km from Mt Rainier, WA",46.9705,-121.9587,14.6,9.1
61944147,1.5,l,1692943299.13,2023/08/25 06:01:39,2023/08/24 23:01:39 PDT,"20.4 km from Mt Rainier, WA",46.9702,-121.9660,14.9,9.2
