matched_file,longitude,latitude,distance_km,magnitude,depth,original_date,DAS_visibility
decimator_2023-08-25_01.32.00_UTC.h5,-122.1946667,46.19166667,64.57555507,0.31,2.55,2023-08-25 1:32:17,n
decimator_2023-08-25_06.01.00_UTC.h5,-121.966,46.97016667,25.37035643,1.47,14.88,2023-08-25 6:01:39,y
decimator_2023-08-25_07.23.00_UTC.h5,-121.9586667,46.9705,25.10511408,1.43,14.64,2023-08-25 7:23:16,y
decimator_2023-08-25_08.44.00_UTC.h5,-122.2001667,46.19583333,64.28278703,0.88,3.37,2023-08-25 8:44:55,n
decimator_2023-08-25_17.34.00_UTC.h5,-122.1888333,46.198,63.76200962,0.06,0.7,2023-08-25 17:34:27,n
decimator_2023-08-25_18.01.00_UTC.h5,-122.1963333,46.196,64.16493386,0.22,5.8,2023-08-25 18:01:41,n
decimator_2023-08-25_20.03.00_UTC.h5,-122.191,46.199,63.71269395,0.19,5.32,2023-08-25 20:03:55,n
decimator_2023-08-25_20.22.00_UTC.h5,-121.9055,46.86466667,13.21191166,0.38,9.72,2023-08-25 20:22:02,y
decimator_2023-08-25_21.26.00_UTC.h5,-122.1998333,46.196,64.25659365,-0.23,2.53,2023-08-25 21:26:44,n
decimator_2023-08-26_02.26.00_UTC.h5,-122.0728333,46.23633333,57.20622937,0.09,6.29,2023-08-26 2:26:54,n
decimator_2023-08-26_02.30.00_UTC.h5,-122.1615,46.18883333,64.0677203,0.14,3.71,2023-08-26 2:30:18,n
decimator_2023-08-26_05.16.00_UTC.h5,-122.2283333,46.19516667,65.12533633,0.19,1.54,2023-08-26 5:16:13,n
decimator_2023-08-26_06.35.00_UTC.h5,-122.1886667,46.1965,63.91514744,-0.46,3.32,2023-08-26 6:35:35,n
decimator_2023-08-26_07.06.00_UTC.h5,-121.7835,46.85633333,8.324010958,0.45,-2.74,2023-08-26 7:06:49,y
decimator_2023-08-26_07.18.00_UTC.h5,-121.7048333,46.84516667,7.032635244,0.19,-1.57,2023-08-26 7:18:20,y
decimator_2023-08-27_01.12.00_UTC.h5,-121.7728333,46.84783333,7.27572192,0.44,-2.62,2023-08-27 1:12:13,n
decimator_2023-08-27_05.36.00_UTC.h5,-121.949,46.78416667,5.452296053,2.07,10.65,2023-08-27 5:36:05,y
decimator_2023-08-27_05.58.00_UTC.h5,-121.953,46.776,4.842049798,1.06,9.96,2023-08-27 5:58:28,y
decimator_2023-08-27_06.30.00_UTC.h5,-121.9576667,46.793,6.630227503,0.34,10.77,2023-08-27 6:30:02,y
decimator_2023-08-27_06.54.00_UTC.h5,-121.9495,46.774,4.506072258,0.42,8.93,2023-08-27 6:54:54,y
decimator_2023-08-27_08.07.00_UTC.h5,-122.1981667,46.20033333,63.75995372,0.01,4.73,2023-08-27 8:07:31,n
decimator_2023-08-27_08.07.00_UTC.h5,-122.1995,46.1955,64.30007472,0.63,4.93,2023-08-27 8:07:42,n
decimator_2023-08-27_09.58.00_UTC.h5,-121.9528333,46.7755,4.789711649,0.95,9.69,2023-08-27 9:58:09,y
decimator_2023-08-27_10.10.00_UTC.h5,-121.957,46.76783333,4.358766237,2.86,9.67,2023-08-27 10:10:24,y
decimator_2023-08-27_10.26.00_UTC.h5,-121.953,46.77966667,5.176963468,0.59,9.27,2023-08-27 10:26:15,y
decimator_2023-08-27_10.33.00_UTC.h5,-121.9621667,46.77333333,5.068233204,1.03,9.4,2023-08-27 10:33:49,y
decimator_2023-08-27_10.36.00_UTC.h5,-121.9563333,46.77866667,5.231293266,0.38,9.78,2023-08-27 10:36:47,y
decimator_2023-08-27_10.57.00_UTC.h5,-121.964,46.7705,4.9518263,1.11,9.42,2023-08-27 10:57:37,y
decimator_2023-08-27_11.16.00_UTC.h5,-121.9601667,46.77366667,4.989706131,1.83,9.05,2023-08-27 11:16:33,y
decimator_2023-08-27_11.26.00_UTC.h5,-122.1956667,46.19883333,63.8511331,0.38,3.02,2023-08-27 11:26:31,n
decimator_2023-08-27_11.35.00_UTC.h5,-121.9578333,46.77666667,5.12519888,1.48,9.07,2023-08-27 11:35:14,y
decimator_2023-08-27_11.37.00_UTC.h5,-121.9486667,46.78216667,5.244486574,0.52,9.06,2023-08-27 11:37:37,y
decimator_2023-08-27_11.37.00_UTC.h5,-121.9668333,46.77083333,5.138753485,0.44,9.6,2023-08-27 11:38:00,y
decimator_2023-08-27_11.46.00_UTC.h5,-121.9546667,46.7765,4.962271995,0.24,9.76,2023-08-27 11:46:17,y
decimator_2023-08-27_11.55.00_UTC.h5,-121.957,46.7765,5.071024622,0.15,10.04,2023-08-27 11:55:16,y
decimator_2023-08-27_12.36.00_UTC.h5,-121.9395,46.79233333,6.011703118,0.49,10.67,2023-08-27 12:36:58,y
decimator_2023-08-27_12.41.00_UTC.h5,-121.9608333,46.77533333,5.160695732,0.71,9.45,2023-08-27 12:41:21,y
decimator_2023-08-27_12.50.00_UTC.h5,-121.9638333,46.77016667,4.917703499,0.23,9.27,2023-08-27 12:50:23,y
decimator_2023-08-27_13.07.00_UTC.h5,-122.1958333,46.2055,63.15870556,-0.31,2.49,2023-08-27 13:07:24,n
decimator_2023-08-27_13.26.00_UTC.h5,-121.9516667,46.77616667,4.798062166,0.55,10.57,2023-08-27 13:26:03,y
decimator_2023-08-27_14.02.00_UTC.h5,-121.9653333,46.77483333,5.356521131,0.49,9.38,2023-08-27 14:02:20,y
decimator_2023-08-27_17.31.00_UTC.h5,-122.188,46.19816667,63.72328107,0.3,0.85,2023-08-27 17:31:35,n
decimator_2023-08-27_20.07.00_UTC.h5,-121.9596667,46.77816667,5.342678395,0.61,8.53,2023-08-27 20:07:47,y
decimator_2023-08-28_01.25.00_UTC.h5,-121.9663333,46.77316667,5.282896858,0.62,9.89,2023-08-28 1:25:08,y
decimator_2023-08-28_01.58.00_UTC.h5,-121.951,46.7825,5.364266263,0.52,9.34,2023-08-28 1:58:56,y
decimator_2023-08-28_02.44.00_UTC.h5,-121.968,46.76866667,5.055678481,0.3,9.05,2023-08-28 2:44:56,y
decimator_2023-08-28_04.28.00_UTC.h5,-121.9676667,46.76833333,5.012932184,0.69,9.51,2023-08-28 4:28:21,y
decimator_2023-08-28_06.32.00_UTC.h5,-122.1876667,46.20183333,63.33013016,2.35,3.66,2023-08-28 6:32:39,y
decimator_2023-08-28_06.37.00_UTC.h5,-122.1861667,46.20383333,63.08202165,0.62,3.86,2023-08-28 6:37:59,n
decimator_2023-08-28_06.59.00_UTC.h5,-122.1905,46.20866667,62.68766934,-0.22,1.82,2023-08-28 6:59:25,n
decimator_2023-08-28_07.12.00_UTC.h5,-122.1875,46.20566667,62.9239966,0.5,3.81,2023-08-28 7:12:48,n
decimator_2023-08-28_07.12.00_UTC.h5,-122.1785,46.2005,63.23942013,1.2,4.65,2023-08-28 7:12:48,n
decimator_2023-08-28_08.14.00_UTC.h5,-121.9635,46.77233333,5.062357765,1.26,9.41,2023-08-28 8:14:43,y
decimator_2023-08-28_09.28.00_UTC.h5,-122.197,46.201,63.65956546,0.37,3.62,2023-08-28 9:28:30,n
decimator_2023-08-28_10.25.00_UTC.h5,-121.9555,46.77633333,4.985970767,0.22,9.33,2023-08-28 10:25:21,y
decimator_2023-08-28_12.58.00_UTC.h5,-121.958,46.7765,5.118815119,0.53,9.21,2023-08-28 12:58:32,y
decimator_2023-08-28_18.47.00_UTC.h5,-121.9611667,46.77566667,5.205231815,0.71,9.39,2023-08-28 18:47:59,y
decimator_2023-08-28_21.51.00_UTC.h5,-121.9516667,46.78166667,5.310560876,1.17,9.23,2023-08-28 21:52:00,y
decimator_2023-08-28_22.11.00_UTC.h5,-121.941,46.78366667,5.143914011,0.39,8.64,2023-08-28 22:11:04,y
decimator_2023-08-28_22.22.00_UTC.h5,-122.057,46.26233333,54.12388894,1.74,10.29,2023-08-28 22:22:34,n
decimator_2023-08-29_00.17.00_UTC.h5,-122.2,46.1945,64.41772751,0,7.58,2023-08-29 0:17:59,n
decimator_2023-08-29_03.07.00_UTC.h5,-121.9596667,46.77766667,5.299588907,0.33,9.93,2023-08-29 3:07:58,y
decimator_2023-08-29_05.07.00_UTC.h5,-121.756,46.84983333,7.24434089,0.18,3.1,2023-08-29 5:07:09,n
decimator_2023-08-29_05.25.00_UTC.h5,-121.9478333,46.78483333,5.477450735,0.6,9.24,2023-08-29 5:25:50,y
decimator_2023-08-29_05.49.00_UTC.h5,-121.962,46.775,5.193354256,0.34,9.04,2023-08-29 5:49:49,y
decimator_2023-08-29_05.54.00_UTC.h5,-121.8905,46.71733333,2.282054874,0.81,4.52,2023-08-29 5:54:32,y
decimator_2023-08-29_07.44.00_UTC.h5,-121.9583333,46.7765,5.134897576,0.88,9.5,2023-08-29 7:44:59,y
decimator_2023-08-29_09.36.00_UTC.h5,-122.2003333,47.63766667,100.4393105,0.97,35.23,2023-08-29 9:36:24,n
decimator_2023-08-29_10.21.00_UTC.h5,-121.9606667,46.77183333,4.869335131,0.4,10.03,2023-08-29 10:21:45,y
decimator_2023-08-29_14.09.00_UTC.h5,-122.2111667,46.18016667,66.20975055,0.12,6.93,2023-08-29 14:09:38,n
decimator_2023-08-29_16.44.00_UTC.h5,-122.1943333,46.19583333,64.13045447,0.87,1.39,2023-08-29 16:44:21,n
decimator_2023-08-29_20.31.00_UTC.h5,-121.7273333,46.87666667,10.12365355,-0.38,5.47,2023-08-29 20:31:06,n
decimator_2023-08-30_00.51.00_UTC.h5,-121.9528333,46.78616667,5.787411816,0.22,8.92,2023-08-30 0:51:10,y
decimator_2023-08-30_05.59.00_UTC.h5,-121.9601667,46.78,5.525940883,0.58,9.38,2023-08-30 5:59:50,y
decimator_2023-08-30_06.13.00_UTC.h5,-121.96,46.78,5.51813994,0.48,9.3,2023-08-30 6:13:26,y
decimator_2023-08-30_10.32.00_UTC.h5,-121.9273333,46.86133333,13.39551165,0.04,10.57,2023-08-30 10:32:15,n
decimator_2023-08-30_14.37.00_UTC.h5,-122.4768333,46.29883333,65.26681725,0.86,18.95,2023-08-30 14:37:17,n
decimator_2023-08-30_15.58.00_UTC.h5,-121.9608333,46.779,5.47061067,0.67,8.9,2023-08-30 15:58:06,y
decimator_2023-08-30_21.29.00_UTC.h5,-122.174,46.1805,65.24179074,-0.09,3.92,2023-08-30 21:29:39,n
decimator_2023-08-31_01.44.00_UTC.h5,-122.199,46.20016667,63.79936883,0,5.76,2023-08-31 1:44:06,n
decimator_2023-08-31_05.15.00_UTC.h5,-122.1976667,46.19116667,64.70545347,0.18,1.29,2023-08-31 5:15:48,n
decimator_2023-08-31_05.34.00_UTC.h5,-121.6953333,46.83366667,6.187466957,0.58,8.45,2023-08-31 5:34:05,m
decimator_2023-08-31_06.40.00_UTC.h5,-122.2111667,46.19933333,64.21360551,-0.12,-1.77,2023-08-31 6:40:32,n
decimator_2023-08-31_09.18.00_UTC.h5,-122.1891667,46.198,63.77052116,0.1,2.54,2023-08-31 9:18:19,n
decimator_2023-08-31_10.04.00_UTC.h5,-122.1923333,46.196,64.06139263,-0.03,2.6,2023-08-31 10:04:55,n
decimator_2023-08-31_10.22.00_UTC.h5,-122.194,46.196,64.10437722,0.05,2.69,2023-08-31 10:22:25,n
decimator_2023-08-31_11.34.00_UTC.h5,-122.191,46.196,64.0271674,-0.09,3.97,2023-08-31 11:34:47,n
decimator_2023-08-31_12.02.00_UTC.h5,-122.3958333,46.49416667,45.80216365,0.85,18.01,2023-08-31 12:02:30,m
decimator_2023-08-31_12.08.00_UTC.h5,-122.1878333,46.1975,63.78900488,-0.03,0.26,2023-08-31 12:08:55,n
decimator_2023-08-31_12.29.00_UTC.h5,-122.2156667,46.18666667,65.65339997,-0.07,4.14,2023-08-31 12:29:44,n
decimator_2023-08-31_14.46.00_UTC.h5,-122.155,46.1725,65.66064833,-0.04,5.97,2023-08-31 14:46:35,n
decimator_2023-08-31_15.14.00_UTC.h5,-121.9665,46.77116667,5.143700555,0.53,8.92,2023-08-31 15:14:16,y
decimator_2023-08-31_16.00.00_UTC.h5,-122.2083333,46.18116667,66.03032528,0.06,6.31,2023-08-31 16:00:25,n
decimator_2023-08-31_17.02.00_UTC.h5,-122.1941667,46.19716667,63.98652392,0.05,-0.69,2023-08-31 17:02:42,n
decimator_2023-08-31_17.41.00_UTC.h5,-122.2138333,46.19366667,64.87551428,-0.12,6.57,2023-08-31 17:41:29,n
decimator_2023-08-31_18.25.00_UTC.h5,-121.9613333,46.768,4.615722145,0.42,7.96,2023-08-31 18:25:27,y
decimator_2023-08-31_18.40.00_UTC.h5,-121.7573333,46.85066667,7.349664309,1.11,1.05,2023-08-31 18:40:28,y
decimator_2023-08-31_20.21.00_UTC.h5,-122.1911667,46.19516667,64.11881991,0.24,3.34,2023-08-31 20:21:32,n
decimator_2023-08-31_21.12.00_UTC.h5,-122.1928333,46.19466667,64.21399086,0.01,3.36,2023-08-31 21:12:35,n
decimator_2023-08-31_22.51.00_UTC.h5,-122.1841667,46.1975,63.69635461,-0.17,3.09,2023-08-31 22:51:35,n
decimator_2023-09-01_00.46.00_UTC.h5,-122.0605,46.2605,54.37902617,0.58,11.12,2023-09-01 0:46:13,n
decimator_2023-09-01_01.11.00_UTC.h5,-122.1991667,46.19833333,63.99525212,0.34,2.84,2023-09-01 1:11:13,n
decimator_2023-09-01_02.14.00_UTC.h5,-122.21,46.2,64.11240677,-0.14,6.06,2023-09-01 2:14:22,n
decimator_2023-09-01_02.57.00_UTC.h5,-122.1851667,46.19233333,64.26462938,0.57,1.2,2023-09-01 2:57:42,n
decimator_2023-09-01_03.27.00_UTC.h5,-122.198,46.19466667,64.34789652,0.23,3.71,2023-09-01 3:27:36,n
decimator_2023-09-01_04.22.00_UTC.h5,-122.1881667,46.19716667,63.83246416,-0.15,3.79,2023-09-01 4:22:12,n
decimator_2023-09-01_05.21.00_UTC.h5,-122.1901667,46.20266667,63.30705316,1.34,4.39,2023-09-01 5:21:02,y
decimator_2023-09-01_05.27.00_UTC.h5,-122.1851667,46.1945,64.03680441,0.91,1.01,2023-09-01 5:27:36,n
decimator_2023-09-01_05.28.00_UTC.h5,-121.7563333,46.85333333,7.633630502,0.76,-0.11,2023-09-01 5:28:11,y
decimator_2023-09-01_08.05.00_UTC.h5,-121.9593333,46.78116667,5.590653678,0.8,9.19,2023-09-01 8:05:56,y
decimator_2023-09-01_09.00.00_UTC.h5,-122.1966667,46.19833333,63.92956764,0.36,4.77,2023-09-01 9:00:27,n
decimator_2023-09-01_09.10.00_UTC.h5,-121.7976667,46.85133333,7.95940181,0.18,-2.51,2023-09-01 9:10:45,y
decimator_2023-09-01_09.36.00_UTC.h5,-122.1915,46.19866667,63.76049895,0.04,4.82,2023-09-01 9:36:06,n
decimator_2023-09-01_10.55.00_UTC.h5,-121.9485,46.7805,5.076533675,0.16,9.21,2023-09-01 10:55:47,y
decimator_2023-09-01_15.34.00_UTC.h5,-121.754,46.82966667,5.00253021,0.83,1.11,2023-09-01 15:34:32,m
decimator_2023-09-01_15.40.00_UTC.h5,-121.7545,46.85416667,7.709776548,0.55,-2.27,2023-09-01 15:40:04,y
decimator_2023-09-01_16.49.00_UTC.h5,-122.1951667,46.1955,64.18694471,0.19,5.69,2023-09-01 16:49:36,n
decimator_2023-09-02_06.10.00_UTC.h5,-122.1838333,46.19933333,63.49530021,0.19,5.46,2023-09-02 6:10:07,n
decimator_2023-09-02_07.07.00_UTC.h5,-122.1866667,46.19833333,63.67190952,0.27,5.31,2023-09-02 7:07:57,n
decimator_2023-09-02_07.16.00_UTC.h5,-122.3868333,46.35033333,56.43048442,1.45,8.6,2023-09-02 7:16:56,n
decimator_2023-09-02_07.19.00_UTC.h5,-122.185,46.196,63.87494712,0.36,3.93,2023-09-02 7:19:33,n
decimator_2023-09-02_07.37.00_UTC.h5,-121.9201667,46.86216667,13.41275575,1.33,9.97,2023-09-02 7:37:15,y
decimator_2023-09-02_08.25.00_UTC.h5,-122.1931667,46.20083333,63.57673983,0.15,6.69,2023-09-02 8:25:56,n
decimator_2023-09-02_13.45.00_UTC.h5,-121.7838333,46.826,5.030976998,0.43,-2.34,2023-09-02 13:45:10,m
decimator_2023-09-02_13.46.00_UTC.h5,-121.759,46.85266667,7.588098974,0.22,1.67,2023-09-02 13:46:33,n
decimator_2023-09-02_15.14.00_UTC.h5,-121.9635,46.77516667,5.285261183,0.64,9.15,2023-09-02 15:14:28,y
decimator_2023-09-02_15.46.00_UTC.h5,-122.0065,47.07366667,36.84442959,0.86,14.89,2023-09-02 15:46:30,y
decimator_2023-09-02_15.49.00_UTC.h5,-122.1858333,46.19933333,63.5457963,1.48,2.66,2023-09-02 15:49:16,m
decimator_2023-09-02_16.12.00_UTC.h5,-122.19,46.1945,64.15896447,-0.13,3.56,2023-09-02 16:12:52,n
decimator_2023-09-02_17.46.00_UTC.h5,-121.9125,46.86133333,13.26507627,0.32,10.04,2023-09-02 17:46:35,y
decimator_2023-09-02_18.09.00_UTC.h5,-122.284,47.68083333,107.0810837,2.11,29.31,2023-09-02 18:09:50,n
decimator_2023-09-02_19.15.00_UTC.h5,-121.9241667,46.65433333,9.423840228,0.54,7.6,2023-09-02 19:15:14,n
decimator_2023-09-03_00.20.00_UTC.h5,-122.2,46.1935,64.52225182,0,1.82,2023-09-03 0:20:53,n
decimator_2023-09-03_00.32.00_UTC.h5,-122.0096667,46.08433333,72.99307712,0.36,7.67,2023-09-03 0:32:43,n
decimator_2023-09-03_13.21.00_UTC.h5,-122.1876667,46.196,63.94223763,0.61,2.91,2023-09-03 13:21:01,n
decimator_2023-09-03_13.27.00_UTC.h5,-121.7598333,46.853,7.634539127,0.58,1.2,2023-09-03 13:27:29,y
decimator_2023-09-03_14.28.00_UTC.h5,-122.1836667,46.19683333,63.75389551,0.69,2.99,2023-09-03 14:28:59,n
decimator_2023-09-03_15.49.00_UTC.h5,-122.1926667,46.19666667,64.00011802,0.12,3.84,2023-09-03 15:49:23,n
decimator_2023-09-03_16.25.00_UTC.h5,-122.1836667,46.19716667,63.7188496,0.21,3.1,2023-09-03 16:25:44,n
decimator_2023-09-03_20.49.00_UTC.h5,-122.1938333,46.19316667,64.39691544,0.13,4.55,2023-09-03 20:49:50,n
decimator_2023-09-03_23.11.00_UTC.h5,-122.2011667,46.1955,64.34398909,0,2.32,2023-09-03 23:11:23,n
decimator_2023-09-04_02.23.00_UTC.h5,-121.9146667,46.807,7.277567173,0.35,9.79,2023-09-04 2:23:56,n
decimator_2023-09-04_08.53.00_UTC.h5,-121.7386667,46.85183333,7.337076403,0.31,-2.76,2023-09-04 8:53:17,m
decimator_2023-09-04_09.30.00_UTC.h5,-121.959,46.77383333,4.943326011,0.58,9.6,2023-09-04 9:30:54,y
decimator_2023-09-04_09.34.00_UTC.h5,-121.9636667,46.77483333,5.267376925,0.43,9.78,2023-09-04 9:34:21,y
decimator_2023-09-04_11.10.00_UTC.h5,-121.9475,47.61816667,93.88873656,1.6,12.9,2023-09-04 11:10:22,n
decimator_2023-09-04_14.55.00_UTC.h5,-122.2215,46.31516667,52.72793229,0.6,4.42,2023-09-04 14:55:28,n
decimator_2023-09-04_15.54.00_UTC.h5,-122.1975,46.19433333,64.36971647,-0.05,0.72,2023-09-04 15:54:08,n
decimator_2023-09-04_19.45.00_UTC.h5,-122.1933333,46.19366667,64.33165436,-0.17,3.14,2023-09-04 19:45:08,n
decimator_2023-09-04_20.41.00_UTC.h5,-122.1853333,46.19983333,63.48063369,0.13,2.21,2023-09-04 20:41:20,n
decimator_2023-09-04_21.44.00_UTC.h5,-122.1975,46.18666667,65.17245746,-0.18,3.3,2023-09-04 21:44:49,n
decimator_2023-09-04_22.04.00_UTC.h5,-122.1986667,46.1955,64.27820133,0.29,2.27,2023-09-04 22:04:29,n
decimator_2023-09-04_23.12.00_UTC.h5,-122.1983333,46.20116667,63.67731587,0.52,5.6,2023-09-04 23:12:12,n
decimator_2023-09-04_23.21.00_UTC.h5,-122.196,46.19816667,63.92957029,0.26,3.16,2023-09-04 23:21:04,n
decimator_2023-09-05_01.25.00_UTC.h5,-122.2105,46.19316667,64.83684768,0.16,4.18,2023-09-05 1:25:08,n
decimator_2023-09-05_01.32.00_UTC.h5,-122.1911667,46.195,64.13629814,-0.03,4,2023-09-05 1:32:13,n
decimator_2023-09-05_02.41.00_UTC.h5,-122.1836667,46.19883333,63.54365441,0.81,2.77,2023-09-05 2:41:11,n
decimator_2023-09-05_03.20.00_UTC.h5,-122.1956667,46.194,64.35695498,0.21,4.4,2023-09-05 3:20:44,n
decimator_2023-09-05_04.58.00_UTC.h5,-122.1986667,46.19566667,64.26077714,0.1,2.35,2023-09-05 4:58:14,n
decimator_2023-09-05_05.14.00_UTC.h5,-122.193,46.19516667,64.16587822,-0.01,3.64,2023-09-05 5:14:36,n
decimator_2023-09-05_06.01.00_UTC.h5,-122.1803333,46.19366667,64.00433117,0.65,4,2023-09-05 6:01:02,n
decimator_2023-09-05_06.53.00_UTC.h5,-122.2071667,46.19766667,64.27824512,-0.19,3.36,2023-09-05 6:53:30,n
decimator_2023-09-05_07.06.00_UTC.h5,-122.1835,46.19583333,63.85487996,0.33,3.31,2023-09-05 7:06:12,n
decimator_2023-09-05_07.10.00_UTC.h5,-121.7765,46.85,7.546080783,0.21,-0.1,2023-09-05 7:10:02,y
decimator_2023-09-05_07.18.00_UTC.h5,-121.9885,46.75183333,5.692408255,0.54,10.26,2023-09-05 7:18:36,y
decimator_2023-09-05_08.02.00_UTC.h5,-122.188,46.19616667,63.93319333,0.19,4.07,2023-09-05 8:02:14,n
decimator_2023-09-05_10.34.00_UTC.h5,-121.7575,46.85333333,7.645122249,0.45,1.18,2023-09-05 10:34:11,y
decimator_2023-09-05_11.10.00_UTC.h5,-122.1925,46.20683333,62.93169744,0.06,6.15,2023-09-05 11:10:04,n
decimator_2023-09-05_11.43.00_UTC.h5,-122.1865,46.19533333,63.98275932,0.02,3.65,2023-09-05 11:43:50,n
decimator_2023-09-05_13.22.00_UTC.h5,-122.1973333,46.19516667,64.27818925,0.41,2.56,2023-09-05 13:22:13,n
decimator_2023-09-05_16.25.00_UTC.h5,-122.1968333,46.19516667,64.26515284,-0.76,2.43,2023-09-05 16:25:04,n
decimator_2023-09-05_16.27.00_UTC.h5,-122.1896667,46.203,63.25922907,-0.07,3.16,2023-09-05 16:27:00,n
decimator_2023-09-05_23.14.00_UTC.h5,-122.19,46.19483333,64.123989,0.63,3.96,2023-09-05 23:14:49,n
decimator_2023-09-06_06.56.00_UTC.h5,-122.187,46.19433333,64.10042582,0.14,4.49,2023-09-06 6:56:09,n
decimator_2023-09-06_10.13.00_UTC.h5,-121.8596667,46.7295,0.6943795553,0.58,8.73,2023-09-06 10:13:08,y
decimator_2023-09-06_18.29.00_UTC.h5,-122.4453333,46.16616667,75.66574789,0.41,17.31,2023-09-06 18:29:43,n
decimator_2023-09-06_19.39.00_UTC.h5,-122.1835,46.198,63.62706311,0.54,3.21,2023-09-06 19:39:02,n
decimator_2023-09-07_02.06.00_UTC.h5,-122.2113333,46.18016667,66.21417906,-0.09,6.49,2023-09-07 2:06:12,n
decimator_2023-09-07_05.16.00_UTC.h5,-121.7605,46.84816667,7.11324268,0.08,-2.28,2023-09-07 5:16:49,y
decimator_2023-09-07_07.08.00_UTC.h5,-121.8991667,46.81966667,8.595034657,0.19,6.2,2023-09-07 7:08:36,y
decimator_2023-09-07_07.33.00_UTC.h5,-122.2023333,46.1965,64.27048154,-0.25,2.61,2023-09-07 7:33:43,n
decimator_2023-09-07_07.59.00_UTC.h5,-122.5315,47.58383333,104.6683117,1.09,30.01,2023-09-07 7:59:03,n
decimator_2023-09-07_08.02.00_UTC.h5,-122.1841667,46.208,62.59389118,0.45,7.03,2023-09-07 8:02:46,n
decimator_2023-09-07_09.40.00_UTC.h5,-121.9153333,46.20583333,58.68318233,0.52,13.68,2023-09-07 9:40:50,n
decimator_2023-09-07_12.13.00_UTC.h5,-122.4728333,47.56166667,100.5324848,0.76,0.72,2023-09-07 12:13:50,n
decimator_2023-09-07_15.47.00_UTC.h5,-122.2026667,46.19183333,64.76657324,0.04,4.85,2023-09-07 15:47:51,n
decimator_2023-09-08_06.04.00_UTC.h5,-121.7645,46.85516667,7.934875988,1.34,0.24,2023-09-08 6:04:52,y
decimator_2023-09-08_06.04.00_UTC.h5,-121.7583333,46.85266667,7.5805939,1.5,0.88,2023-09-08 6:04:58,y
decimator_2023-09-08_06.05.00_UTC.h5,-121.7601667,46.85033333,7.346154036,1.1,0.16,2023-09-08 6:05:24,y
decimator_2023-09-08_06.07.00_UTC.h5,-121.7586667,46.853,7.620963487,0.01,0.43,2023-09-08 6:07:21,n
decimator_2023-09-08_06.08.00_UTC.h5,-121.759,46.8545,7.789670182,0.2,0.37,2023-09-08 6:08:13,n
decimator_2023-09-08_06.39.00_UTC.h5,-122.1828333,46.19316667,64.11882835,-0.17,5.58,2023-09-08 6:39:16,n
decimator_2023-09-08_12.06.00_UTC.h5,-121.8998333,46.794,5.741050197,0.92,5.61,2023-09-08 12:06:44,y
decimator_2023-09-08_12.26.00_UTC.h5,-121.765,46.91433333,14.44407629,0.99,2.49,2023-09-08 12:26:44,y
decimator_2023-09-08_14.48.00_UTC.h5,-121.7595,46.856,7.960255493,-0.07,1.62,2023-09-08 14:48:07,n
decimator_2023-09-08_14.57.00_UTC.h5,-122.2326667,46.14166667,70.79922571,-0.03,5.51,2023-09-08 14:57:17,n
decimator_2023-09-08_16.26.00_UTC.h5,-121.806,47.42116667,70.8359827,0.81,18.97,2023-09-08 16:26:38,n
decimator_2023-09-08_18.10.00_UTC.h5,-122.1973333,46.19283333,64.52234039,0.14,4.07,2023-09-08 18:10:24,n
decimator_2023-09-08_18.29.00_UTC.h5,-122.1903333,46.19516667,64.09752002,1.33,3.07,2023-09-08 18:29:20,n
decimator_2023-09-08_19.10.00_UTC.h5,-122.1888333,46.201,63.44739423,0.8,4.08,2023-09-08 19:10:18,n
decimator_2023-09-08_19.23.00_UTC.h5,-122.1768333,46.19166667,64.12956728,0,-1.82,2023-09-08 19:23:05,n
decimator_2023-09-08_19.47.00_UTC.h5,-122.196,46.19183333,64.59247956,0.24,3.56,2023-09-08 19:47:26,n
decimator_2023-09-08_21.10.00_UTC.h5,-122.1923333,46.19483333,64.18367549,0.07,4.03,2023-09-08 21:10:32,n
decimator_2023-09-08_21.21.00_UTC.h5,-122.3153333,46.49333333,41.10569227,0.59,17.26,2023-09-08 21:21:56,n
decimator_2023-09-09_04.39.00_UTC.h5,-121.6861667,46.85016667,8.127557178,0.37,-2.49,2023-09-09 4:39:09,y
decimator_2023-09-09_07.33.00_UTC.h5,-122.4095,46.7635,37.71709039,1.8,17.66,2023-09-09 7:33:33,y
decimator_2023-09-09_12.01.00_UTC.h5,-122.1993333,46.19166667,64.69651482,0.33,3.81,2023-09-09 12:01:03,n
decimator_2023-09-10_07.29.00_UTC.h5,-122.3121667,46.17283333,70.00666783,-0.02,8.34,2023-09-10 7:29:40,n
decimator_2023-09-10_08.31.00_UTC.h5,-122.1993333,46.19183333,64.67908113,-0.24,3.31,2023-09-10 8:31:23,n
decimator_2023-09-10_14.43.00_UTC.h5,-120.5606667,46.92,90.68182788,1.84,-0.3,2023-09-10 14:43:41,n
decimator_2023-09-10_17.12.00_UTC.h5,-122.2275,46.19166667,65.46329192,0.26,0.77,2023-09-10 17:12:20,n
decimator_2023-09-10_23.07.00_UTC.h5,-120.5485,46.9225,91.63812055,0.99,-0.89,2023-09-10 23:07:54,n
decimator_2023-09-10_23.20.00_UTC.h5,-122.3385,46.495,42.31625974,0.42,19.92,2023-09-10 23:20:36,n
decimator_2023-09-11_09.36.00_UTC.h5,-122.2181667,46.18366667,66.03348824,-0.13,7.24,2023-09-11 9:36:39,n
decimator_2023-09-11_13.00.00_UTC.h5,-122.2006667,46.19183333,64.71397131,-0.21,3.07,2023-09-11 13:00:18,n
decimator_2023-09-11_14.42.00_UTC.h5,-121.8476667,47.24416667,51.63620235,1.8,14.02,2023-09-11 14:42:14,y
decimator_2023-09-11_16.39.00_UTC.h5,-122.1875,46.20633333,62.85413886,0,6.69,2023-09-11 16:39:07,n
decimator_2023-09-11_19.45.00_UTC.h5,-122.2061667,46.18133333,65.95591807,0.09,6.98,2023-09-11 19:45:32,n
decimator_2023-09-11_22.48.00_UTC.h5,-121.7593333,46.8535,7.683537869,0.37,0.57,2023-09-11 22:48:25,n
decimator_2023-09-11_23.37.00_UTC.h5,-122.113,47.30166667,63.18959079,1,22.25,2023-09-11 23:37:54,n
decimator_2023-09-12_04.46.00_UTC.h5,-122.196,46.19516667,64.24347032,-0.01,6.76,2023-09-12 4:46:43,n
decimator_2023-09-12_15.02.00_UTC.h5,-121.762,46.85166667,7.516615839,0.88,1.04,2023-09-12 15:02:58,y
decimator_2023-09-12_15.46.00_UTC.h5,-122.231,46.17733333,67.04525341,-0.11,6.7,2023-09-12 15:46:25,n
decimator_2023-09-12_16.25.00_UTC.h5,-122.1818333,46.21816667,61.46829421,0.03,8.08,2023-09-12 16:25:31,n
decimator_2023-09-12_16.28.00_UTC.h5,-121.8926667,46.86433333,12.5437597,1.05,8.43,2023-09-12 16:28:49,y
decimator_2023-09-12_18.56.00_UTC.h5,-121.9875,46.96416667,25.43072795,1.28,8.38,2023-09-12 18:56:37,y
decimator_2023-09-12_19.33.00_UTC.h5,-122.192,46.20466667,63.14524405,-0.03,7.05,2023-09-12 19:33:22,n
decimator_2023-09-12_21.50.00_UTC.h5,-122.1956667,46.1935,64.40931061,0.52,2.91,2023-09-12 21:50:28,n
decimator_2023-09-13_00.55.00_UTC.h5,-122.192,46.19916667,63.72101644,0.74,2.96,2023-09-13 0:55:51,n
decimator_2023-09-13_03.50.00_UTC.h5,-122.197,46.18983333,64.82780449,0.2,6.56,2023-09-13 3:50:55,n
decimator_2023-09-13_04.12.00_UTC.h5,-122.1968333,46.1915,64.64894893,0.15,6.69,2023-09-13 4:12:59,n
decimator_2023-09-13_06.02.00_UTC.h5,-121.9613333,46.7795,5.537770198,0.46,9.18,2023-09-13 6:02:30,y
decimator_2023-09-13_12.07.00_UTC.h5,-121.963,46.77566667,5.299506227,0.78,9.6,2023-09-13 12:07:00,y
decimator_2023-09-13_13.46.00_UTC.h5,-122.1893333,46.20833333,62.69214909,0.46,2.44,2023-09-13 13:46:00,n
decimator_2023-09-13_13.48.00_UTC.h5,-122.1965,46.19616667,64.15183865,-0.18,3.83,2023-09-13 13:48:33,n
decimator_2023-09-13_13.51.00_UTC.h5,-122.1921667,46.1915,64.52896019,-0.16,2.48,2023-09-13 13:51:11,n
decimator_2023-09-13_13.52.00_UTC.h5,-122.1936667,46.21833333,61.7620638,-0.5,1.07,2023-09-13 13:52:23,n
decimator_2023-09-13_13.55.00_UTC.h5,-122.4168333,46.51366667,45.86193373,0.38,16.12,2023-09-13 13:55:11,n
decimator_2023-09-13_19.48.00_UTC.h5,-122.1863333,46.20816667,62.63199122,0.26,6.82,2023-09-13 19:48:10,n
decimator_2023-09-13_19.49.00_UTC.h5,-121.9341667,46.78933333,5.577884019,0.41,9.66,2023-09-13 19:49:09,y
decimator_2023-09-13_21.10.00_UTC.h5,-122.175,46.19983333,63.22351008,0.62,3.5,2023-09-13 21:10:41,n
decimator_2023-09-14_08.08.00_UTC.h5,-122.188,46.19266667,64.30074162,0.5,6.76,2023-09-14 8:08:11,n
decimator_2023-09-14_08.10.00_UTC.h5,-122.1868333,46.19366667,64.16627039,0.02,6.09,2023-09-14 8:10:40,n
decimator_2023-09-14_08.46.00_UTC.h5,-122.1943333,46.1945,64.27010252,-0.1,3.17,2023-09-14 8:46:50,n
decimator_2023-09-14_10.00.00_UTC.h5,-121.9401667,46.964,23.74909879,0.33,4.27,2023-09-14 10:00:13,n
decimator_2023-09-14_12.30.00_UTC.h5,-121.9566667,47.157,43.93588708,0.65,20.07,2023-09-14 12:30:10,y
decimator_2023-09-14_14.51.00_UTC.h5,-122.2253333,46.17666667,66.95720535,-0.03,5.87,2023-09-14 14:51:16,n
decimator_2023-09-14_18.28.00_UTC.h5,-121.8546667,47.087,34.51834222,1.12,16.6,2023-09-14 18:28:26,y
decimator_2023-09-14_20.45.00_UTC.h5,-122.323,47.347,74.13834531,1.51,25.24,2023-09-14 20:45:04,n
decimator_2023-09-15_01.11.00_UTC.h5,-122.351,46.47233333,44.69739178,0.31,11.34,2023-09-15 1:11:27,n
decimator_2023-09-15_03.45.00_UTC.h5,-122.182,46.20966667,62.36378743,0.08,7.35,2023-09-15 3:45:38,n
decimator_2023-09-15_03.46.00_UTC.h5,-122.2076667,46.19066667,65.02111285,-0.11,5.54,2023-09-15 3:46:40,n
decimator_2023-09-15_04.37.00_UTC.h5,-121.8795,47.1855,45.63092076,0.56,17.6,2023-09-15 4:37:18,n
decimator_2023-09-15_05.58.00_UTC.h5,-122.1973333,46.20316667,63.44202188,-0.01,6.9,2023-09-15 5:58:33,n
decimator_2023-09-15_06.16.00_UTC.h5,-122.1998333,46.195,64.36109141,-0.11,3.19,2023-09-15 6:16:21,n
decimator_2023-09-15_06.33.00_UTC.h5,-121.9203333,46.80366667,6.994582376,0.07,3.61,2023-09-15 6:33:19,n
decimator_2023-09-15_09.41.00_UTC.h5,-121.7615,46.84466667,6.745271616,0.38,0.11,2023-09-15 9:41:13,y
decimator_2023-09-15_12.37.00_UTC.h5,-122.1901667,46.195,64.11075194,0.28,4.13,2023-09-15 12:37:37,n
decimator_2023-09-15_14.06.00_UTC.h5,-122.4296667,46.55283333,44.46517392,0.85,14.32,2023-09-15 14:06:48,n
decimator_2023-09-15_14.25.00_UTC.h5,-122.1941667,46.19616667,64.09123423,0.08,2.48,2023-09-15 14:25:32,n
decimator_2023-09-15_20.41.00_UTC.h5,-122.3813333,46.44716667,48.30006304,0.74,11.43,2023-09-15 20:41:12,n
decimator_2023-09-15_22.51.00_UTC.h5,-122.2105,46.21333333,62.74251287,0.13,-1.73,2023-09-15 22:51:20,n
decimator_2023-09-16_05.37.00_UTC.h5,-122.1896667,46.197,63.88818549,0.06,0.77,2023-09-16 5:37:13,n
decimator_2023-09-16_06.46.00_UTC.h5,-122.1738333,46.207,62.43960936,-0.04,1.48,2023-09-16 6:47:00,n
decimator_2023-09-16_13.42.00_UTC.h5,-122.1943333,46.2025,63.43280051,-0.04,5.54,2023-09-16 13:42:34,n
decimator_2023-09-16_19.38.00_UTC.h5,-121.7611667,46.84783333,7.085989097,0.28,0.18,2023-09-16 19:38:50,y
decimator_2023-09-16_20.10.00_UTC.h5,-121.9651667,46.77383333,5.269505547,1.4,9.56,2023-09-16 20:10:24,y
decimator_2023-09-16_22.42.00_UTC.h5,-122.1935,46.196,64.09145818,0.02,3.76,2023-09-16 22:42:53,n
decimator_2023-09-17_03.14.00_UTC.h5,-121.7645,46.855,7.91670929,0.08,1.14,2023-09-17 3:14:36,n
decimator_2023-09-17_05.27.00_UTC.h5,-122.1981667,46.19433333,64.38711536,-0.33,4.12,2023-09-17 5:27:53,n
decimator_2023-09-17_07.08.00_UTC.h5,-121.7608333,47.60316667,90.89828323,2.5,15.79,2023-09-17 7:08:54,y
decimator_2023-09-17_07.19.00_UTC.h5,-121.8331667,47.61516667,92.50079461,1.04,16.23,2023-09-17 7:19:01,n
decimator_2023-09-17_12.24.00_UTC.h5,-122.2278333,46.3025,54.2054091,0.6,3.55,2023-09-17 12:24:43,n
decimator_2023-09-19_14.19.00_UTC.h5,-122.2391667,46.19533333,65.42198054,0.33,-1.56,2023-09-19 14:19:13,n
decimator_2023-09-19_16.00.00_UTC.h5,-121.7548333,46.85166667,7.436157278,0.63,1.48,2023-09-19 16:00:08,y
decimator_2023-09-19_23.25.00_UTC.h5,-122.059,46.26383333,53.99247411,0.53,11.04,2023-09-19 23:25:25,n
decimator_2023-09-20_00.17.00_UTC.h5,-121.7581667,46.8525,7.560428306,0.41,0.62,2023-09-20 0:17:43,m
decimator_2023-09-20_00.56.00_UTC.h5,-122.3013333,47.52916667,92.09394458,1.43,31.65,2023-09-20 0:56:29,n
decimator_2023-09-20_01.59.00_UTC.h5,-122.192,46.2025,63.37198341,0.04,0.98,2023-09-20 1:59:25,n
decimator_2023-09-20_02.13.00_UTC.h5,-122.1996667,46.20066667,63.76481668,0.3,0.97,2023-09-20 2:13:07,n
decimator_2023-09-20_03.53.00_UTC.h5,-122.0586667,46.26516667,53.84212934,0.39,9.81,2023-09-20 3:53:19,n
decimator_2023-09-20_06.23.00_UTC.h5,-122.1935,46.20016667,63.65517826,0.62,2.9,2023-09-20 6:23:39,n
decimator_2023-09-20_07.47.00_UTC.h5,-121.7585,46.84566667,6.81341471,0.68,0.59,2023-09-20 7:47:15,y
decimator_2023-09-20_15.59.00_UTC.h5,-121.963,46.7745,5.205434673,0.49,8.94,2023-09-20 15:59:49,y
decimator_2023-09-20_17.09.00_UTC.h5,-122.4295,46.336,59.76297927,0.79,0.32,2023-09-20 17:09:15,n
decimator_2023-09-21_03.04.00_UTC.h5,-121.9618333,46.86133333,13.85601034,0.51,9.7,2023-09-21 3:04:09,m
decimator_2023-09-21_03.10.00_UTC.h5,-121.964,46.775,5.298356106,0.56,8.8,2023-09-21 3:10:23,y
decimator_2023-09-21_04.51.00_UTC.h5,-121.661,46.74016667,7.381204792,0.41,8.59,2023-09-21 4:51:00,y
decimator_2023-09-21_10.01.00_UTC.h5,-122.2988333,46.214,65.448894,-0.01,8.95,2023-09-21 10:01:49,n
decimator_2023-09-21_15.58.00_UTC.h5,-122.1948333,46.211,62.5580219,-0.01,6.94,2023-09-21 15:58:08,n
decimator_2023-09-21_16.21.00_UTC.h5,-122.199,46.18983333,64.879653,0.07,7.85,2023-09-21 16:21:39,n
decimator_2023-09-21_16.59.00_UTC.h5,-121.8595,46.82633333,7.712130142,0.17,2.97,2023-09-21 16:59:28,y
decimator_2023-09-21_19.32.00_UTC.h5,-121.9555,47.18133333,46.49259957,0.99,15.56,2023-09-21 19:32:06,y
decimator_2023-09-21_20.42.00_UTC.h5,-122.1946667,46.19616667,64.10418378,0.24,2.8,2023-09-21 20:42:42,n
decimator_2023-09-21_23.42.00_UTC.h5,-122.882,47.233,91.48317279,2,49.34,2023-09-21 23:42:02,n
decimator_2023-09-22_01.10.00_UTC.h5,-121.2766667,47.32033333,68.90490465,0.57,4.8,2023-09-22 1:10:31,n
decimator_2023-09-22_01.24.00_UTC.h5,-122.2666667,46.34333333,51.67774547,1.63,14.64,2023-09-22 1:24:19,y
decimator_2023-09-22_03.12.00_UTC.h5,-120.9078333,46.394,76.63333911,1,1.19,2023-09-22 3:12:39,n
decimator_2023-09-22_09.28.00_UTC.h5,-122.1951667,46.19266667,64.483665,-0.03,4.25,2023-09-22 9:28:18,n
decimator_2023-09-22_11.30.00_UTC.h5,-121.4776667,46.71316667,21.24982711,0.6,4.41,2023-09-22 11:30:40,n
decimator_2023-09-22_12.25.00_UTC.h5,-122.1933333,46.19466667,64.22685513,0.04,2.77,2023-09-22 12:25:43,n
decimator_2023-09-22_14.58.00_UTC.h5,-121.7796667,46.8255,4.909932178,0.92,-2.37,2023-09-22 14:58:03,y
decimator_2023-09-22_21.54.00_UTC.h5,-122.1931667,46.19566667,64.11778016,0.4,2.59,2023-09-22 21:54:19,n
decimator_2023-09-22_23.13.00_UTC.h5,-122.1891667,46.19166667,64.43524908,0,7.33,2023-09-22 23:13:34,n
decimator_2023-09-22_23.42.00_UTC.h5,-122.2083333,46.19,65.10845347,-0.1,2.7,2023-09-22 23:42:04,n
decimator_2023-09-23_00.27.00_UTC.h5,-121.1686667,46.82266667,43.44560135,0.74,-0.05,2023-09-23 0:27:27,n
decimator_2023-09-23_02.43.00_UTC.h5,-121.9141667,46.85916667,13.03496809,-0.17,6.8,2023-09-23 2:43:07,n
decimator_2023-09-23_03.10.00_UTC.h5,-122.1973333,46.18683333,65.15070078,-0.16,6.86,2023-09-23 3:10:59,n
decimator_2023-09-23_04.05.00_UTC.h5,-121.7423333,46.855,7.698962023,0.14,-1.42,2023-09-23 4:05:37,n
decimator_2023-09-23_05.05.00_UTC.h5,-122.1801667,46.1995,63.38604205,0.11,3.39,2023-09-23 5:05:50,n
decimator_2023-09-23_06.14.00_UTC.h5,-122.1931667,46.19633333,64.04793575,-0.01,6.41,2023-09-23 6:14:06,n
decimator_2023-09-23_07.38.00_UTC.h5,-122.1823333,46.19716667,63.68550526,0.64,2.84,2023-09-23 7:38:11,n
decimator_2023-09-23_07.59.00_UTC.h5,-122.1845,46.19783333,63.66970183,0.44,2.61,2023-09-23 7:59:23,n
decimator_2023-09-23_15.08.00_UTC.h5,-122.1876667,46.1985,63.6798173,1.08,0.24,2023-09-23 15:08:06,n
decimator_2023-09-23_18.48.00_UTC.h5,-122.1901667,46.20966667,62.57436913,0.2,7.78,2023-09-23 18:48:03,n
decimator_2023-09-23_22.00.00_UTC.h5,-122.1906667,46.19933333,63.66918444,0.11,1.82,2023-09-23 22:00:05,n
decimator_2023-09-23_22.41.00_UTC.h5,-122.1873333,46.1975,63.77630587,0,1.86,2023-09-23 22:41:29,n
decimator_2023-09-24_02.33.00_UTC.h5,-122.2208333,46.18716667,65.74301352,-0.11,3.63,2023-09-24 2:33:03,n
decimator_2023-09-24_03.13.00_UTC.h5,-122.2383333,46.308,54.02559595,-0.17,7,2023-09-24 3:13:22,n
decimator_2023-09-24_12.15.00_UTC.h5,-122.1876667,46.19633333,63.90724064,0.1,1.02,2023-09-24 12:15:14,n
decimator_2023-09-24_18.23.00_UTC.h5,-121.9758333,47.74766667,108.4413828,0.86,17.75,2023-09-24 18:23:28,n
decimator_2023-09-25_05.34.00_UTC.h5,-121.7476667,46.852,7.399585797,1.85,-2.06,2023-09-25 5:34:26,y
decimator_2023-09-25_07.30.00_UTC.h5,-121.7541667,46.85183333,7.449093636,1.19,1.3,2023-09-25 7:30:47,y
decimator_2023-09-25_07.41.00_UTC.h5,-121.6726667,46.642,15.68050265,0.84,7.42,2023-09-25 7:41:31,y
decimator_2023-09-26_06.20.00_UTC.h5,-122.37,46.49333333,44.2954715,0.76,13.73,2023-09-26 6:20:35,n
decimator_2023-09-26_07.09.00_UTC.h5,-121.9056667,46.8285,9.588721265,0.27,8.67,2023-09-26 7:09:55,n
decimator_2023-09-26_13.21.00_UTC.h5,-122.1865,46.206,62.86336075,0.14,0.83,2023-09-26 13:21:08,n
decimator_2023-09-26_14.22.00_UTC.h5,-121.8016667,47.7655,109.0403816,1.9,15.88,2023-09-26 14:22:07,n
decimator_2023-09-26_19.56.00_UTC.h5,-122.8276667,46.6815,69.85567474,1.5,55.05,2023-09-26 19:56:52,n
decimator_2023-09-26_21.34.00_UTC.h5,-122.0218333,47.32266667,62.98494325,1,18.96,2023-09-26 21:34:13,n
decimator_2023-09-26_22.15.00_UTC.h5,-121.9991667,47.34466667,64.86589824,1.32,19.27,2023-09-26 22:15:42,y
decimator_2023-09-27_01.26.00_UTC.h5,-122.1806667,46.20016667,63.32835239,0.03,2.26,2023-09-27 1:26:30,n
decimator_2023-09-27_02.32.00_UTC.h5,-122.0086667,47.34416667,65.00076873,1.05,19.45,2023-09-27 2:32:47,n
decimator_2023-09-27_08.12.00_UTC.h5,-122.207,46.18983333,65.09023902,0.57,3.59,2023-09-27 8:12:40,n
decimator_2023-09-27_08.46.00_UTC.h5,-120.554,46.93266667,91.41240508,1.89,-0.9,2023-09-27 8:46:08,n
decimator_2023-09-27_11.30.00_UTC.h5,-122.1911667,46.20166667,63.43763568,0.92,3.61,2023-09-27 11:30:20,n
decimator_2023-09-28_00.16.00_UTC.h5,-122.6246667,46.23883333,77.86369035,1.28,16.64,2023-09-28 0:16:25,n
decimator_2023-09-28_07.42.00_UTC.h5,-121.7431667,46.8445,6.537663885,0.48,0.26,2023-09-28 7:42:49,y
decimator_2023-09-28_08.42.00_UTC.h5,-121.177,46.82433333,42.83165572,0.89,4.59,2023-09-28 8:42:56,n
decimator_2023-09-28_10.58.00_UTC.h5,-122.1846667,46.1925,64.23461315,0.24,2.89,2023-09-28 10:58:21,n
decimator_2023-09-28_12.28.00_UTC.h5,-122.1905,46.198,63.8046581,-0.04,3.66,2023-09-28 12:28:34,n
decimator_2023-09-28_13.57.00_UTC.h5,-121.1853333,46.816,42.12001813,1.35,1.25,2023-09-28 13:57:48,y
decimator_2023-09-28_17.49.00_UTC.h5,-121.9245,46.7585,2.081078146,0.68,3.88,2023-09-28 17:49:56,m
decimator_2023-09-28_21.45.00_UTC.h5,-122.194,46.1945,64.26149941,0.5,3.55,2023-09-28 21:45:34,n
decimator_2023-09-28_23.10.00_UTC.h5,-121.1751667,46.82366667,42.96344298,1.4,0.82,2023-09-28 23:10:28,y
decimator_2023-09-29_03.47.00_UTC.h5,-122.1865,46.219,61.50247328,-0.06,7.37,2023-09-29 3:47:24,n
decimator_2023-09-29_03.57.00_UTC.h5,-122.2035,46.19383333,64.57977923,-0.05,3.21,2023-09-29 3:57:18,n
decimator_2023-09-29_05.54.00_UTC.h5,-122.186,46.19616667,63.88260268,0.68,2.81,2023-09-29 5:54:34,n
decimator_2023-09-29_07.00.00_UTC.h5,-122.1871667,46.19466667,64.0696149,0.84,3.15,2023-09-29 7:00:46,n
decimator_2023-09-29_08.57.00_UTC.h5,-121.7956667,47.6075,91.46987406,1.38,16.75,2023-09-29 8:57:38,n
decimator_2023-09-29_15.05.00_UTC.h5,-122.2101667,46.18866667,65.29656893,-0.25,6.04,2023-09-29 15:05:11,n
decimator_2023-09-29_22.21.00_UTC.h5,-121.94,46.856,12.94206289,0.45,9.51,2023-09-29 22:21:44,n
decimator_2023-09-30_07.52.00_UTC.h5,-121.8086667,46.62433333,11.95273607,0.87,7.73,2023-09-30 7:52:13,y
decimator_2023-09-30_11.22.00_UTC.h5,-122.0571667,47.6565,99.60174113,0.94,17.52,2023-09-30 11:22:05,n
decimator_2023-09-30_12.00.00_UTC.h5,-122.2036667,46.201,63.8367864,-0.14,7.75,2023-09-30 12:00:13,n
decimator_2023-09-30_13.40.00_UTC.h5,-121.8945,46.71433333,2.728083179,1.33,4.25,2023-09-30 13:40:07,y
decimator_2023-09-30_13.55.00_UTC.h5,-121.9071667,46.71233333,2.93477814,0.32,4.11,2023-09-30 13:55:57,n
decimator_2023-09-30_16.06.00_UTC.h5,-122.189,46.214,62.09071757,-0.01,7.48,2023-09-30 16:06:14,n
decimator_2023-09-30_22.07.00_UTC.h5,-122.2068333,46.1975,64.28661165,0.37,6.35,2023-09-30 22:07:17,n
decimator_2023-10-01_03.12.00_UTC.h5,-121.7361667,46.84366667,6.428077442,0.76,-1.27,2023-10-01 3:12:25,y
decimator_2023-10-01_06.47.00_UTC.h5,-121.737,46.84483333,6.557537063,0.22,-1.64,2023-10-01 6:47:30,n
decimator_2023-10-01_16.52.00_UTC.h5,-122.2308333,46.192,65.52372544,0.42,-1.26,2023-10-01 16:52:42,n
decimator_2023-10-01_23.25.00_UTC.h5,-122.2058333,46.18883333,65.16359521,0.29,3.12,2023-10-01 23:25:49,n
decimator_2023-10-02_01.27.00_UTC.h5,-122.1885,46.19966667,63.57867385,0.13,0.82,2023-10-02 1:27:35,n
decimator_2023-10-02_01.35.00_UTC.h5,-122.1861667,46.1935,64.16701992,0.55,4.28,2023-10-02 1:35:25,n
decimator_2023-10-02_07.32.00_UTC.h5,-122.1958333,46.18483333,65.32191612,0.43,6.38,2023-10-02 7:32:56,n
decimator_2023-10-02_08.14.00_UTC.h5,-122.2781667,46.47716667,40.33337885,1.17,14.93,2023-10-02 8:14:22,n
decimator_2023-10-02_10.40.00_UTC.h5,-122.1976667,46.18833333,65.00214561,0.15,7.55,2023-10-02 10:40:52,n
decimator_2023-10-02_11.31.00_UTC.h5,-122.2205,46.18983333,65.45707336,0.12,6.15,2023-10-02 11:31:38,n
decimator_2023-10-02_16.42.00_UTC.h5,-121.1788333,46.823,42.67874261,1.22,3.35,2023-10-02 16:42:36,y
decimator_2023-10-02_22.58.00_UTC.h5,-121.7528333,46.85283333,7.544648157,0.67,0.94,2023-10-02 22:58:34,y
decimator_2023-10-02_23.05.00_UTC.h5,-122.1838333,46.20633333,62.76023788,0.3,6.69,2023-10-02 23:05:28,n
decimator_2023-10-03_05.14.00_UTC.h5,-120.5943333,46.75133333,87.10762395,0.85,5.54,2023-10-03 5:14:20,n
decimator_2023-10-03_07.49.00_UTC.h5,-122.1935,46.204,63.25414027,0.25,7.64,2023-10-03 7:49:19,n
decimator_2023-10-03_08.05.00_UTC.h5,-121.8193333,47.6155,92.46151502,1.07,16.28,2023-10-03 8:05:23,n
decimator_2023-10-03_09.56.00_UTC.h5,-122.1935,46.19816667,63.8645451,0.19,5.38,2023-10-03 9:56:16,n
decimator_2023-10-03_18.19.00_UTC.h5,-122.1833333,46.1955,63.88577481,0.49,3.91,2023-10-03 18:19:36,n
decimator_2023-10-04_00.59.00_UTC.h5,-122.189,46.19833333,63.73129977,0.18,5.24,2023-10-04 0:59:35,n
decimator_2023-10-04_04.07.00_UTC.h5,-121.9571667,46.86316667,13.96841712,0.17,9.03,2023-10-04 4:07:04,n
decimator_2023-10-04_05.06.00_UTC.h5,-122.1935,46.204,63.25414027,0.62,2.99,2023-10-04 5:06:46,n
decimator_2023-10-04_06.13.00_UTC.h5,-122.1898333,46.21216667,62.30422493,0.24,7.25,2023-10-04 6:13:33,n
decimator_2023-10-04_07.42.00_UTC.h5,-120.6201667,46.75033333,85.14796402,0.68,10.5,2023-10-04 7:42:46,n
decimator_2023-10-04_16.09.00_UTC.h5,-122.1978333,46.1955,64.2563839,-0.02,4.88,2023-10-04 16:09:51,n
decimator_2023-10-04_17.35.00_UTC.h5,-122.597,47.53366667,102.122505,1.29,30.63,2023-10-04 17:35:23,n
decimator_2023-10-04_17.42.00_UTC.h5,-122.12,46.6505,18.54762098,1.51,5.93,2023-10-04 17:42:35,y
decimator_2023-10-04_19.11.00_UTC.h5,-120.547,46.94733333,92.22751802,1.68,-0.5,2023-10-04 19:11:28,n
decimator_2023-10-04_20.34.00_UTC.h5,-122.1993333,46.2055,63.25164513,0.58,2.97,2023-10-04 20:34:17,n
decimator_2023-10-04_20.36.00_UTC.h5,-122.2113333,46.19,65.18907025,0.18,3.44,2023-10-04 20:36:12,n
decimator_2023-10-04_21.04.00_UTC.h5,-121.9396667,46.858,13.1586081,0.52,11.19,2023-10-04 21:04:58,y
decimator_2023-10-04_22.05.00_UTC.h5,-122.1921667,46.19466667,64.19687002,0.09,1.28,2023-10-04 22:05:00,n
decimator_2023-10-04_23.06.00_UTC.h5,-122.1858333,46.1985,63.63330365,0.03,0.57,2023-10-04 23:06:10,n
decimator_2023-10-05_03.57.00_UTC.h5,-122.1805,46.2005,63.28913084,0.04,4.76,2023-10-05 3:57:16,n
decimator_2023-10-05_06.30.00_UTC.h5,-121.7575,46.855,7.828784504,0.01,0.99,2023-10-05 6:30:46,n
decimator_2023-10-05_10.00.00_UTC.h5,-122.1846667,46.19833333,63.62135895,-0.18,4.31,2023-10-05 10:00:34,n
decimator_2023-10-05_10.14.00_UTC.h5,-122.184,46.19866667,63.56955077,0.32,3.48,2023-10-05 10:14:06,n
decimator_2023-10-05_16.15.00_UTC.h5,-122.1771667,46.20116667,63.13624756,0.36,3.69,2023-10-05 16:15:16,n
decimator_2023-10-05_21.14.00_UTC.h5,-122.176,46.20166667,63.05482045,-0.13,5.92,2023-10-05 21:14:31,n
decimator_2023-10-05_23.02.00_UTC.h5,-122.4221667,46.25116667,66.83277199,0.26,8.46,2023-10-05 23:02:05,n
decimator_2023-10-06_01.10.00_UTC.h5,-122.0048333,47.072,36.6215683,1.02,15.25,2023-10-06 1:10:49,y
decimator_2023-10-06_03.22.00_UTC.h5,-122.1881667,46.19,64.58513724,0.12,7.46,2023-10-06 3:22:25,n
decimator_2023-10-06_04.37.00_UTC.h5,-120.5015,46.92516667,95.20982644,1.09,-0.87,2023-10-06 4:37:25,n
decimator_2023-10-06_11.42.00_UTC.h5,-121.7631667,46.585,17.03559201,0.6,9.13,2023-10-06 11:42:25,y
decimator_2023-10-06_14.46.00_UTC.h5,-122.2021667,46.22383333,61.42205207,0.59,0.4,2023-10-06 14:46:55,n
decimator_2023-10-06_16.09.00_UTC.h5,-122.3311667,46.44416667,45.78964967,0.37,16.33,2023-10-06 16:09:53,n
decimator_2023-10-06_18.48.00_UTC.h5,-122.5106667,47.22783333,70.50216814,1.44,21.66,2023-10-06 18:48:18,n
decimator_2023-10-06_20.14.00_UTC.h5,-121.8235,46.96516667,20.76706072,0.56,1.16,2023-10-06 20:14:06,n
decimator_2023-10-06_23.33.00_UTC.h5,-121.9915,46.96866667,25.9854713,0.4,9.26,2023-10-06 23:33:17,n
decimator_2023-10-07_01.08.00_UTC.h5,-121.7623333,46.847,7.01215146,0.59,-0.14,2023-10-07 1:08:51,y
decimator_2023-10-07_01.25.00_UTC.h5,-121.7628333,46.84733333,7.056133955,0.26,-0.37,2023-10-07 1:25:14,y
decimator_2023-10-07_02.16.00_UTC.h5,-121.8786667,46.76633333,2.787778004,0.18,7.64,2023-10-07 2:16:36,n
decimator_2023-10-07_04.37.00_UTC.h5,-122.1771667,46.20816667,62.39952006,0.06,5.51,2023-10-07 4:37:47,n
decimator_2023-10-07_04.59.00_UTC.h5,-122.1851667,46.1985,63.61645799,0.5,7.28,2023-10-07 4:59:46,n
decimator_2023-10-07_05.58.00_UTC.h5,-122.1945,46.1935,64.37916183,0.03,1.91,2023-10-07 5:58:10,n
decimator_2023-10-07_06.35.00_UTC.h5,-121.7621667,46.848,7.118651431,0.42,0.18,2023-10-07 6:35:52,y
decimator_2023-10-07_10.21.00_UTC.h5,-122.184,46.20283333,63.13185887,0.17,3.02,2023-10-07 10:21:04,n
decimator_2023-10-07_13.58.00_UTC.h5,-122.1896667,46.19066667,64.5529163,0.41,6.57,2023-10-07 13:58:07,n
decimator_2023-10-07_21.15.00_UTC.h5,-122.1763333,46.206,62.60673698,0.42,4.32,2023-10-07 21:15:29,n
decimator_2023-10-07_22.04.00_UTC.h5,-122.1771667,46.20066667,63.18890915,0.03,2.41,2023-10-07 22:04:57,n
decimator_2023-10-07_23.46.00_UTC.h5,-122.1821667,46.2,63.38337569,0.28,2,2023-10-07 23:46:51,n
decimator_2023-10-08_00.21.00_UTC.h5,-122.1758333,46.21366667,61.78784306,0.16,6.64,2023-10-08 0:21:48,n
decimator_2023-10-08_02.57.00_UTC.h5,-122.1841667,46.19566667,63.88908534,-0.04,4.44,2023-10-08 2:57:36,n
decimator_2023-10-08_03.53.00_UTC.h5,-122.1763333,46.20316667,62.90503866,-0.17,3.84,2023-10-08 3:53:23,n
decimator_2023-10-08_05.05.00_UTC.h5,-122.1823333,46.19983333,63.40507482,-0.06,2.39,2023-10-08 5:05:48,n
decimator_2023-10-08_06.58.00_UTC.h5,-121.9588333,46.9355,21.87895048,-0.02,13.22,2023-10-08 6:58:48,n
decimator_2023-10-08_10.49.00_UTC.h5,-122.189,46.199,63.66137793,0.49,4.8,2023-10-08 10:49:11,n
decimator_2023-10-08_12.18.00_UTC.h5,-122.1853333,46.2025,63.20068169,-0.19,4.15,2023-10-08 12:18:58,n
decimator_2023-10-08_13.45.00_UTC.h5,-121.7608333,46.84366667,6.626284113,0.82,0.42,2023-10-08 13:45:25,y
decimator_2023-10-09_10.28.00_UTC.h5,-122.1736667,46.1985,63.33164422,0.72,2.28,2023-10-09 10:28:48,n
decimator_2023-10-09_16.54.00_UTC.h5,-121.7505,46.85983333,8.289911675,0.79,0.31,2023-10-09 16:54:54,y
decimator_2023-10-10_01.32.00_UTC.h5,-122.1816667,46.19916667,63.45849694,0.02,2.13,2023-10-10 1:32:39,n
decimator_2023-10-10_02.04.00_UTC.h5,-122.1816667,46.2045,62.89785786,0.33,3.18,2023-10-10 2:04:36,n
decimator_2023-10-10_05.16.00_UTC.h5,-122.1813333,46.19966667,63.39758304,0.01,2.38,2023-10-10 5:16:12,n
decimator_2023-10-10_07.50.00_UTC.h5,-122.18,46.20083333,63.24160121,-0.02,2.55,2023-10-10 7:50:43,n
decimator_2023-10-11_06.07.00_UTC.h5,-121.959,47.41033333,71.30320796,1.22,12.14,2023-10-11 6:07:04,n
decimator_2023-10-11_06.26.00_UTC.h5,-122.0563333,46.27033333,53.24288349,0.63,9.12,2023-10-11 6:26:06,n
decimator_2023-10-11_08.41.00_UTC.h5,-122.1796667,46.203,63.00536771,0.18,2.59,2023-10-11 8:41:21,n
decimator_2023-10-11_10.12.00_UTC.h5,-122.1801667,46.20016667,63.31589354,0.42,0.87,2023-10-11 10:12:28,n
decimator_2023-10-11_18.56.00_UTC.h5,-122.1748333,46.205,62.67493138,0.29,5.67,2023-10-11 18:56:56,n
decimator_2023-10-11_23.21.00_UTC.h5,-122.185,46.199,63.55972893,0.42,7.16,2023-10-11 23:21:56,n
decimator_2023-10-12_02.12.00_UTC.h5,-122.1798333,46.19866667,63.46546643,0.9,6.15,2023-10-12 2:12:16,n
decimator_2023-10-12_02.53.00_UTC.h5,-122.1748333,46.19916667,63.28973277,0.27,3.14,2023-10-12 2:53:28,n
decimator_2023-10-12_04.51.00_UTC.h5,-122.178,46.21133333,62.08752635,0.37,5.66,2023-10-12 4:51:20,n
decimator_2023-10-12_04.55.00_UTC.h5,-122.1851667,46.204,63.03902916,-0.04,2.85,2023-10-12 4:55:45,n
decimator_2023-10-12_07.19.00_UTC.h5,-122.0565,47.08783333,40.04400986,0.57,14.99,2023-10-12 7:19:19,n
decimator_2023-10-12_09.21.00_UTC.h5,-122.1756667,46.20216667,62.99393906,0.28,3.63,2023-10-12 9:21:55,n
decimator_2023-10-12_10.38.00_UTC.h5,-122.1698333,46.20333333,62.72865658,-0.2,3.54,2023-10-12 10:38:37,n
decimator_2023-10-12_11.44.00_UTC.h5,-122.0076667,47.06866667,36.39633657,0.71,15.11,2023-10-12 11:44:00,y
decimator_2023-10-12_12.48.00_UTC.h5,-121.62,47.42683333,71.82036528,1.21,14.34,2023-10-12 12:48:57,n
decimator_2023-10-13_17.16.00_UTC.h5,-121.9286667,46.7675,3.13069504,0.54,4.99,2023-10-13 17:16:49,y
decimator_2023-10-13_20.54.00_UTC.h5,-122.1816667,46.20166667,63.19562373,0.3,6.27,2023-10-13 20:54:28,n
decimator_2023-10-13_20.56.00_UTC.h5,-122.188,46.20566667,62.93687343,0.27,3.04,2023-10-13 20:56:15,n
decimator_2023-10-13_21.49.00_UTC.h5,-122.1858333,46.20016667,63.4583036,0.12,3.04,2023-10-13 21:49:49,n
decimator_2023-10-13_22.01.00_UTC.h5,-122.1855,46.199,63.57236321,0.93,6.62,2023-10-13 22:01:34,n
decimator_2023-10-13_22.18.00_UTC.h5,-122.1818333,46.19316667,64.09403698,0.62,5.91,2023-10-13 22:18:08,n
decimator_2023-10-13_22.27.00_UTC.h5,-121.7625,46.84083333,6.344590847,0.53,-0.04,2023-10-13 22:27:30,y
decimator_2023-10-14_00.30.00_UTC.h5,-122.1856667,46.19983333,63.48907489,0.1,6.98,2023-10-14 0:30:16,n
decimator_2023-10-14_03.56.00_UTC.h5,-122.1938333,46.198,63.89063467,0.56,6.63,2023-10-14 3:56:12,n
decimator_2023-10-14_05.24.00_UTC.h5,-122.1978333,46.20183333,63.59448053,0.13,1.52,2023-10-14 5:24:08,n
decimator_2023-10-14_07.04.00_UTC.h5,-121.9433333,47.18033333,46.12870271,0.86,16.31,2023-10-14 7:04:16,n
decimator_2023-10-14_07.49.00_UTC.h5,-121.9375,46.899,17.65352514,0.28,6.52,2023-10-14 7:49:40,n
decimator_2023-10-14_12.30.00_UTC.h5,-122.1793333,46.19983333,63.33025929,0.17,3.39,2023-10-14 12:30:05,n
decimator_2023-10-14_13.00.00_UTC.h5,-122.189,46.19516667,64.06355772,0.09,5.35,2023-10-14 13:00:23,n
decimator_2023-10-14_13.43.00_UTC.h5,-122.1826667,46.205,62.87059119,0.13,2.52,2023-10-14 13:43:14,n
decimator_2023-10-14_15.17.00_UTC.h5,-122.4726667,46.29366667,65.49388312,0.56,19.8,2023-10-14 15:17:24,n
decimator_2023-10-14_16.14.00_UTC.h5,-121.7718333,46.694,6.167188514,0.51,6.8,2023-10-14 16:14:55,y
decimator_2023-10-14_17.24.00_UTC.h5,-122.1885,46.19633333,63.92839959,0.21,5.08,2023-10-14 17:24:55,n
decimator_2023-10-14_20.34.00_UTC.h5,-122.1795,46.20033333,63.2817737,0.53,3.68,2023-10-14 20:34:16,n
decimator_2023-10-15_03.17.00_UTC.h5,-122.177,46.20166667,63.07947398,0.48,2.49,2023-10-15 3:17:56,n
decimator_2023-10-15_07.53.00_UTC.h5,-122.1755,46.1995,63.27088617,0.36,3.67,2023-10-15 7:53:56,n
decimator_2023-10-15_08.45.00_UTC.h5,-122.1823333,46.22116667,61.1670947,0.04,4.52,2023-10-15 8:45:45,n
decimator_2023-10-15_11.15.00_UTC.h5,-122.1803333,46.20433333,62.88185155,0.37,2.97,2023-10-15 11:15:47,n
decimator_2023-10-15_11.41.00_UTC.h5,-122.1838333,46.19966667,63.46027382,0.15,2.71,2023-10-15 11:41:47,n
decimator_2023-10-15_12.03.00_UTC.h5,-122.1856667,46.20583333,62.85948021,0.87,2.18,2023-10-15 12:03:52,n
decimator_2023-10-15_14.27.00_UTC.h5,-122.4536667,46.52583333,47.53600915,0.89,23.08,2023-10-15 14:27:27,n
decimator_2023-10-15_14.49.00_UTC.h5,-122.1898333,46.198,63.78757148,0.7,2.18,2023-10-15 14:49:42,n
decimator_2023-10-15_17.30.00_UTC.h5,-122.1771667,46.2155,61.62880817,0.1,3.52,2023-10-15 17:30:56,n
decimator_2023-10-15_17.57.00_UTC.h5,-121.7593333,46.85083333,7.390635917,0.13,0.76,2023-10-15 17:57:43,y
decimator_2023-10-15_18.36.00_UTC.h5,-120.5436667,46.91216667,91.82645397,1.04,-0.89,2023-10-15 18:36:03,n
decimator_2023-10-15_19.43.00_UTC.h5,-122.0536667,46.735,10.54594907,0.71,13.46,2023-10-15 19:43:32,n
decimator_2023-10-15_20.32.00_UTC.h5,-122.177,46.19816667,63.44819889,0.35,4.26,2023-10-15 20:32:39,n
decimator_2023-10-15_23.26.00_UTC.h5,-122.1786667,46.20333333,62.94536544,0.12,5.32,2023-10-15 23:26:48,n
decimator_2023-10-15_23.56.00_UTC.h5,-122.1885,46.1945,64.12084894,0.29,4.22,2023-10-15 23:56:24,n
decimator_2023-10-16_01.31.00_UTC.h5,-122.1748333,46.19983333,63.21943553,0.32,4.41,2023-10-16 1:31:54,n
decimator_2023-10-16_06.26.00_UTC.h5,-122.1935,46.1925,64.45822486,0.34,4.09,2023-10-16 6:26:01,n
decimator_2023-10-16_07.46.00_UTC.h5,-122.1978333,46.19316667,64.50046903,0.72,1.99,2023-10-16 7:46:02,n
decimator_2023-10-16_10.41.00_UTC.h5,-122.1935,46.2075,62.88826475,0.47,5.85,2023-10-16 10:41:08,n
decimator_2023-10-16_13.08.00_UTC.h5,-121.801,47.60966667,91.73088561,1.73,16.93,2023-10-16 13:08:05,y
decimator_2023-10-16_14.53.00_UTC.h5,-121.9983333,47.06866667,36.06453072,0.71,15.02,2023-10-16 14:53:14,y
decimator_2023-10-16_22.54.00_UTC.h5,-122.199,46.18983333,64.879653,0.42,4.91,2023-10-16 22:54:18,n
decimator_2023-10-17_02.39.00_UTC.h5,-121.8933333,46.6835,5.833797775,0.74,5.47,2023-10-17 2:39:17,y
decimator_2023-10-17_03.32.00_UTC.h5,-121.8213333,46.89366667,12.9438511,0.3,0.48,2023-10-17 3:32:29,y
decimator_2023-10-17_03.36.00_UTC.h5,-122.244,46.35483333,49.68359808,0.74,8.35,2023-10-17 3:36:40,n
decimator_2023-10-17_07.35.00_UTC.h5,-122.1856667,46.199,63.57657921,0.3,3.53,2023-10-17 7:35:50,n
decimator_2023-10-17_09.46.00_UTC.h5,-122.1888333,46.20566667,62.9583807,0.31,6.88,2023-10-17 9:46:38,n
decimator_2023-10-17_09.47.00_UTC.h5,-122.196,46.19183333,64.59247956,0.31,3,2023-10-17 9:47:52,n
decimator_2023-10-17_10.50.00_UTC.h5,-122.1911667,46.209,62.67023846,0.5,5.84,2023-10-17 10:50:31,n
decimator_2023-10-17_11.39.00_UTC.h5,-122.185,46.2015,63.2971909,1.56,3.11,2023-10-17 11:39:16,m
decimator_2023-10-17_18.44.00_UTC.h5,-122.2045,46.1915,64.84986787,0.03,2.87,2023-10-17 18:44:25,n
decimator_2023-10-17_18.45.00_UTC.h5,-122.1891667,46.19883333,63.68312018,0.2,5.43,2023-10-17 18:45:18,n
decimator_2023-10-17_19.02.00_UTC.h5,-122.1978333,46.19,64.83191836,0.3,5.84,2023-10-17 19:02:02,n
decimator_2023-10-17_23.09.00_UTC.h5,-122.1925,46.19683333,63.97835979,0.54,1.95,2023-10-17 23:09:46,n
decimator_2023-10-17_23.15.00_UTC.h5,-122.1855,46.1965,63.83498066,1.38,0.72,2023-10-17 23:15:19,n
decimator_2023-10-17_23.38.00_UTC.h5,-120.9143333,46.39666667,76.05444262,1.45,0.72,2023-10-17 23:38:35,n
decimator_2023-10-18_00.13.00_UTC.h5,-122.5883333,47.458,94.61950126,1.32,24.19,2023-10-18 0:13:55,n
decimator_2023-10-18_01.42.00_UTC.h5,-122.1061667,46.07883333,74.87251266,0.65,8.02,2023-10-18 1:42:33,n
decimator_2023-10-18_03.55.00_UTC.h5,-122.189,46.195,64.08105086,0.35,3.64,2023-10-18 3:55:47,n
decimator_2023-10-18_04.27.00_UTC.h5,-122.1925,46.18916667,64.78227415,0.39,5.16,2023-10-18 4:27:24,n
decimator_2023-10-18_07.05.00_UTC.h5,-122.1928333,46.1985,63.81238091,0.55,1.25,2023-10-18 7:05:33,n
decimator_2023-10-18_09.17.00_UTC.h5,-121.8878333,46.89933333,15.54138678,0.73,5.3,2023-10-18 9:17:52,y
decimator_2023-10-18_13.16.00_UTC.h5,-122.394,46.5465,42.43770974,1.14,18.54,2023-10-18 13:16:36,y
decimator_2023-10-18_15.01.00_UTC.h5,-122.1896667,46.20333333,63.22431001,0.49,5.24,2023-10-18 15:01:54,n
decimator_2023-10-18_15.40.00_UTC.h5,-122.186,46.20316667,63.14770144,0.19,6.22,2023-10-18 15:40:44,n
decimator_2023-10-18_16.57.00_UTC.h5,-122.1836667,46.19816667,63.6137256,0.02,2.91,2023-10-18 16:57:50,n
decimator_2023-10-18_17.20.00_UTC.h5,-122.1785,46.197,63.60801393,0.86,2.79,2023-10-18 17:20:15,n
decimator_2023-10-18_17.42.00_UTC.h5,-121.9496667,46.86366667,13.90470568,0.58,2.44,2023-10-18 17:42:29,y
decimator_2023-10-18_19.58.00_UTC.h5,-122.183,46.19833333,63.57948465,0.58,2.73,2023-10-18 19:58:12,n
decimator_2023-10-18_21.33.00_UTC.h5,-122.1781667,46.19983333,63.30136568,-0.06,2.49,2023-10-18 21:33:40,n
decimator_2023-10-19_03.33.00_UTC.h5,-122.0595,46.26583333,53.78303714,0.21,8,2023-10-19 3:33:14,n
decimator_2023-10-19_06.42.00_UTC.h5,-122.2125,46.27966667,55.99757278,0.04,4.35,2023-10-19 6:42:56,n
decimator_2023-10-19_08.35.00_UTC.h5,-122.1841667,46.195,63.95918635,0.29,4.56,2023-10-19 8:35:18,n
decimator_2023-10-19_20.17.00_UTC.h5,-122.2646667,46.47383333,39.90774292,0.41,16.39,2023-10-19 20:17:33,n
decimator_2023-10-19_21.37.00_UTC.h5,-122.3896667,46.54266667,42.37449839,0.87,19.04,2023-10-19 21:37:10,n
decimator_2023-10-20_00.15.00_UTC.h5,-122.373,47.30616667,71.79295372,1.29,19.78,2023-10-20 0:15:35,n
decimator_2023-10-20_00.18.00_UTC.h5,-122.3765,47.31166667,72.45575216,1.18,20.12,2023-10-20 0:18:57,n
decimator_2023-10-20_02.32.00_UTC.h5,-122.3765,47.30683333,71.98616263,1.1,19.91,2023-10-20 2:32:04,n
decimator_2023-10-20_03.25.00_UTC.h5,-122.3806667,47.31,72.44688135,1.29,19.14,2023-10-20 3:25:20,n
decimator_2023-10-20_07.54.00_UTC.h5,-122.1751667,46.21,62.15679654,-0.12,4.43,2023-10-20 7:55:00,n
decimator_2023-10-20_13.18.00_UTC.h5,-122.1905,46.19633333,63.97941225,0.94,7.41,2023-10-20 13:18:57,m
decimator_2023-10-20_13.21.00_UTC.h5,-122.1895,46.1905,64.56620822,0.38,6.39,2023-10-20 13:21:22,n
decimator_2023-10-20_13.23.00_UTC.h5,-122.1913333,46.1925,64.40279077,0.06,4.77,2023-10-20 13:23:22,n
decimator_2023-10-20_13.27.00_UTC.h5,-122.1908333,46.19233333,64.40754217,0.36,4.08,2023-10-20 13:27:37,n
decimator_2023-10-20_13.28.00_UTC.h5,-122.195,46.195,64.23497704,0.53,6.77,2023-10-20 13:28:44,n
decimator_2023-10-20_13.36.00_UTC.h5,-122.186,46.19516667,63.98767248,1.13,6.45,2023-10-20 13:36:39,y
decimator_2023-10-20_13.38.00_UTC.h5,-122.1911667,46.19116667,64.5384598,0.31,5.39,2023-10-20 13:38:48,n
decimator_2023-10-20_13.40.00_UTC.h5,-122.1881667,46.19433333,64.12990487,0.38,5.05,2023-10-20 13:40:07,n
decimator_2023-10-20_13.42.00_UTC.h5,-122.1895,46.1925,64.35618191,0.36,4.13,2023-10-20 13:42:01,n
decimator_2023-10-20_13.47.00_UTC.h5,-121.7306667,47.61233333,91.90086377,2.66,14.39,2023-10-20 13:47:55,y
decimator_2023-10-20_14.15.00_UTC.h5,-122.1908333,46.195,64.12777371,-0.1,3.77,2023-10-20 14:15:11,n
decimator_2023-10-20_16.04.00_UTC.h5,-122.1951667,46.19433333,64.30910253,0.07,0.89,2023-10-20 16:04:56,n
decimator_2023-10-20_16.53.00_UTC.h5,-121.7525,46.8695,9.375379887,0.61,-0.71,2023-10-20 16:53:59,n
decimator_2023-10-20_17.40.00_UTC.h5,-121.8848333,46.75483333,1.442132221,1.71,3.18,2023-10-20 17:40:11,y
decimator_2023-10-20_18.09.00_UTC.h5,-122.1885,46.18916667,64.68109903,0.26,5.13,2023-10-20 18:09:44,n
decimator_2023-10-20_18.41.00_UTC.h5,-121.8841667,46.75533333,1.504624613,0.76,2.98,2023-10-20 18:41:27,y
decimator_2023-10-20_19.59.00_UTC.h5,-122.181,46.204,62.93362465,-0.09,4.39,2023-10-20 19:59:36,n
decimator_2023-10-20_20.24.00_UTC.h5,-122.181,46.19833333,63.52953757,0.03,2.7,2023-10-20 20:24:50,n
decimator_2023-10-20_20.28.00_UTC.h5,-122.179,46.20016667,63.28690345,-0.12,1.88,2023-10-20 20:28:38,n
decimator_2023-10-20_20.29.00_UTC.h5,-122.1866667,46.19566667,63.95194852,0.16,3.89,2023-10-20 20:29:01,n
decimator_2023-10-20_20.51.00_UTC.h5,-122.1861667,46.19566667,63.93933496,0.03,2.9,2023-10-20 20:51:11,n
decimator_2023-10-20_22.03.00_UTC.h5,-122.1881667,46.20066667,63.46527205,0.3,0.58,2023-10-20 22:03:47,n
decimator_2023-10-20_22.25.00_UTC.h5,-122.1745,46.19916667,63.28159956,0.17,2.65,2023-10-20 22:25:40,n
decimator_2023-10-21_08.09.00_UTC.h5,-122.1803333,46.20316667,63.00450926,-0.16,3,2023-10-21 8:09:31,n
decimator_2023-10-21_14.25.00_UTC.h5,-121.962,46.77083333,4.864646696,0.78,9.45,2023-10-21 14:25:45,y
decimator_2023-10-21_15.18.00_UTC.h5,-122.1706667,46.201,62.99513088,0.18,3.8,2023-10-21 15:18:20,n
decimator_2023-10-21_15.37.00_UTC.h5,-122.1791667,46.206,62.67738867,0.14,4.77,2023-10-21 15:37:53,n
decimator_2023-10-21_15.39.00_UTC.h5,-122.1806667,46.20633333,62.68004063,0.17,4.92,2023-10-21 15:39:19,n
decimator_2023-10-21_16.00.00_UTC.h5,-121.7525,46.8685,9.26508696,0.31,-0.42,2023-10-21 16:00:34,y
decimator_2023-10-21_20.23.00_UTC.h5,-122.1966667,46.1925,64.53992575,-0.15,1.75,2023-10-21 20:23:01,n
decimator_2023-10-21_20.58.00_UTC.h5,-122.1833333,46.20016667,63.39514886,0.24,3.33,2023-10-21 20:58:45,n
decimator_2023-10-21_22.54.00_UTC.h5,-122.1873333,46.20283333,63.21673277,-0.06,3.98,2023-10-21 22:54:17,n
decimator_2023-10-22_03.22.00_UTC.h5,-121.9411667,46.928,20.41951256,0.25,8.71,2023-10-22 3:22:44,m
decimator_2023-10-22_04.30.00_UTC.h5,-121.9298333,46.88816667,16.37442058,0.07,7.69,2023-10-22 4:30:38,y
decimator_2023-10-22_07.18.00_UTC.h5,-122.1891667,46.19433333,64.1552609,0.08,4.77,2023-10-22 7:18:18,n
decimator_2023-10-22_07.40.00_UTC.h5,-121.7058333,47.17783333,43.64927852,0.82,16.07,2023-10-22 7:40:24,n
decimator_2023-10-22_09.22.00_UTC.h5,-122.1915,46.19366667,64.28466035,-0.01,3.96,2023-10-22 9:22:51,n
decimator_2023-10-22_19.27.00_UTC.h5,-121.7526667,46.85233333,7.487738562,0.27,0.82,2023-10-22 19:27:29,n
decimator_2023-10-22_22.32.00_UTC.h5,-121.9628333,46.77716667,5.414161789,0.52,9.05,2023-10-22 22:32:40,y
decimator_2023-10-23_02.41.00_UTC.h5,-122.6971667,47.4075,94.86292132,3.05,29.4,2023-10-23 2:41:46,y
decimator_2023-10-23_05.39.00_UTC.h5,-122.2108333,46.18083333,66.13131819,0.03,6.19,2023-10-23 5:39:08,n
decimator_2023-10-23_08.57.00_UTC.h5,-122.1898333,46.1955,64.04979414,0.04,3.55,2023-10-23 8:57:04,n
decimator_2023-10-23_12.13.00_UTC.h5,-122.199,46.19933333,63.88639961,0.21,2.4,2023-10-23 12:13:32,n
decimator_2023-10-23_12.13.00_UTC.h5,-122.1973333,46.204,63.35500475,0.32,2.57,2023-10-23 12:13:58,n
decimator_2023-10-23_12.36.00_UTC.h5,-122.1865,46.19816667,63.68518365,0.01,3.11,2023-10-23 12:36:55,n
decimator_2023-10-23_17.49.00_UTC.h5,-122.1768333,46.20666667,62.54900511,0.52,6.84,2023-10-23 17:49:28,n
decimator_2023-10-23_21.39.00_UTC.h5,-122.172,46.2015,62.97462784,0.2,7.07,2023-10-23 21:39:11,n
decimator_2023-10-24_11.56.00_UTC.h5,-122.0028333,47.07716667,37.06050069,2.44,15.14,2023-10-24 11:56:24,y
decimator_2023-10-24_13.15.00_UTC.h5,-122.1923333,46.176,66.16159374,0.39,9.79,2023-10-24 13:15:36,n
decimator_2023-10-24_14.56.00_UTC.h5,-122.2105,46.19133333,65.02773149,0.05,5.68,2023-10-24 14:56:38,n
decimator_2023-10-24_21.19.00_UTC.h5,-121.9033333,46.701,4.218745002,1.33,6.01,2023-10-24 21:19:53,y
decimator_2023-10-25_09.29.00_UTC.h5,-122.1945,46.19616667,64.09986501,0.05,6.5,2023-10-25 9:29:39,n
decimator_2023-10-25_14.25.00_UTC.h5,-122.1868333,46.1945,64.07871332,0.07,-1.57,2023-10-25 14:25:28,n
decimator_2023-10-25_16.17.00_UTC.h5,-121.9416667,46.89833333,17.6271448,1.04,6.65,2023-10-25 16:17:57,y
decimator_2023-10-25_17.45.00_UTC.h5,-121.7488333,46.85266667,7.483483001,0.41,1.88,2023-10-25 17:45:23,n
decimator_2023-10-25_20.37.00_UTC.h5,-122.1918333,46.21266667,62.30457467,0,7.99,2023-10-25 20:37:04,n
decimator_2023-10-25_22.44.00_UTC.h5,-122.1946667,46.19533333,64.19144163,0.11,2.58,2023-10-25 22:44:10,n
decimator_2023-10-25_22.46.00_UTC.h5,-122.1695,46.0335,80.86968778,0.43,12.49,2023-10-25 22:46:40,n
decimator_2023-10-26_04.03.00_UTC.h5,-122.1873333,46.19633333,63.89879295,0.22,1.79,2023-10-26 4:03:52,n
decimator_2023-10-26_04.14.00_UTC.h5,-122.2116667,46.17866667,66.37958609,-0.02,6.62,2023-10-26 4:14:23,n
decimator_2023-10-26_05.05.00_UTC.h5,-122.1956667,46.19866667,63.86856663,0.02,4.97,2023-10-26 5:05:59,n
decimator_2023-10-26_05.49.00_UTC.h5,-122.1898333,46.20533333,63.01916458,-0.01,7.95,2023-10-26 5:49:56,n
decimator_2023-10-26_06.14.00_UTC.h5,-122.1896667,46.19416667,64.18546092,0.55,6.97,2023-10-26 6:14:58,n
decimator_2023-10-26_06.43.00_UTC.h5,-121.7585,46.84633333,6.886564703,0.07,0.82,2023-10-26 6:43:04,n
decimator_2023-10-26_06.50.00_UTC.h5,-121.7545,46.85066667,7.322837388,0.81,1.6,2023-10-26 6:50:12,y
decimator_2023-10-26_07.00.00_UTC.h5,-121.7548333,46.85316667,7.601927936,1.66,0.73,2023-10-26 7:00:04,y
decimator_2023-10-26_07.27.00_UTC.h5,-121.7545,46.85416667,7.709776548,0.32,1.28,2023-10-26 7:27:16,n
decimator_2023-10-26_07.43.00_UTC.h5,-121.7528333,46.85416667,7.691025395,0.31,1.54,2023-10-26 7:43:14,n
decimator_2023-10-26_08.48.00_UTC.h5,-122.0518333,46.734,10.41410736,0.42,13.19,2023-10-26 8:48:37,n
decimator_2023-10-26_09.38.00_UTC.h5,-121.7548333,46.85066667,7.325669275,1.24,1.36,2023-10-26 9:38:17,y
decimator_2023-10-26_09.56.00_UTC.h5,-122.1826667,46.19483333,63.93929178,-0.16,4.5,2023-10-26 9:56:49,n
decimator_2023-10-26_10.18.00_UTC.h5,-120.9883333,46.72583333,57.41798315,1.27,6.72,2023-10-26 10:18:02,y
decimator_2023-10-26_12.35.00_UTC.h5,-121.9201667,46.8635,13.56002001,-0.25,10.18,2023-10-26 12:35:01,n
decimator_2023-10-26_17.50.00_UTC.h5,-122.2008333,46.197,64.17853067,0,7.94,2023-10-26 17:50:27,n
decimator_2023-10-26_21.24.00_UTC.h5,-122.2056667,46.18383333,65.68146659,-0.02,6.27,2023-10-26 21:24:57,n
decimator_2023-10-26_21.58.00_UTC.h5,-121.944,46.76133333,3.147118244,0.18,7.36,2023-10-26 21:58:57,n
decimator_2023-10-26_23.33.00_UTC.h5,-121.7895,46.86266667,9.104462794,-0.68,-2.61,2023-10-26 23:33:39,n
decimator_2023-10-26_23.43.00_UTC.h5,-122.1908333,46.19583333,64.04037698,0.09,2.02,2023-10-26 23:43:54,n
decimator_2023-10-27_03.34.00_UTC.h5,-122.0325,46.98016667,28.06052298,0.83,13.02,2023-10-27 3:34:25,y
decimator_2023-10-27_06.26.00_UTC.h5,-122.186,46.2335,59.97580253,-0.04,7.24,2023-10-27 6:26:13,n
decimator_2023-10-27_09.51.00_UTC.h5,-122.1886667,46.20133333,63.40817339,0.35,5.88,2023-10-27 9:51:05,n
decimator_2023-10-27_10.31.00_UTC.h5,-121.8758333,46.75316667,1.513174302,0.47,2.79,2023-10-27 10:31:41,y
decimator_2023-10-27_11.21.00_UTC.h5,-122.1933333,46.1905,64.66365954,-0.13,6.9,2023-10-27 11:21:20,n
decimator_2023-10-27_11.31.00_UTC.h5,-121.9603333,46.87,14.76319849,0.29,9.04,2023-10-27 11:31:25,n
decimator_2023-10-27_12.15.00_UTC.h5,-122.1823333,46.19333333,64.08887777,-0.02,-1.78,2023-10-27 12:15:32,n
decimator_2023-10-27_12.55.00_UTC.h5,-122.0625,46.25466667,55.04547643,0.65,12.5,2023-10-27 12:55:57,n
decimator_2023-10-27_19.28.00_UTC.h5,-122.1651667,46.21666667,61.20841387,0.24,7.26,2023-10-27 19:28:53,n
decimator_2023-10-27_20.01.00_UTC.h5,-122.14,46.19383333,63.06024855,-0.14,-1.45,2023-10-27 20:01:30,n
decimator_2023-10-27_20.52.00_UTC.h5,-122.1748333,46.19766667,63.44793346,0.03,6.82,2023-10-27 20:52:25,n
decimator_2023-10-27_20.52.00_UTC.h5,-122.1775,46.20066667,63.19713656,-0.14,5.22,2023-10-27 20:52:42,n
decimator_2023-10-27_21.23.00_UTC.h5,-122.1843333,46.199,63.5429152,0.11,0.48,2023-10-27 21:23:52,n
decimator_2023-10-27_23.25.00_UTC.h5,-122.1901667,46.1915,64.4780746,0.18,5.92,2023-10-27 23:25:46,n
decimator_2023-10-27_23.39.00_UTC.h5,-120.724,46.77583333,77.13807435,2.4,9.39,2023-10-27 23:39:49,y
decimator_2023-10-28_03.33.00_UTC.h5,-122.1868333,46.15133333,68.63181006,0.48,6.77,2023-10-28 3:33:30,n
decimator_2023-10-28_11.13.00_UTC.h5,-122.186,46.1955,63.95264691,-0.1,8.01,2023-10-28 11:13:48,n
decimator_2023-10-28_11.26.00_UTC.h5,-122.1968333,46.211,62.61132346,0,8.24,2023-10-28 11:26:16,n
decimator_2023-10-28_12.56.00_UTC.h5,-121.7588333,46.84516667,6.762776538,1.06,0.24,2023-10-28 12:56:05,y
decimator_2023-10-28_12.58.00_UTC.h5,-122.1936667,46.19866667,63.81651785,0.09,0.36,2023-10-28 12:58:05,n
decimator_2023-10-28_17.49.00_UTC.h5,-121.9578333,47.17016667,45.35767993,0.43,16.93,2023-10-28 17:49:03,y
decimator_2023-10-28_20.27.00_UTC.h5,-122.2141667,47.22516667,58.42714392,0.62,12.66,2023-10-28 20:27:35,n
decimator_2023-10-28_20.43.00_UTC.h5,-121.8983333,46.7635,2.351229382,0.17,6.57,2023-10-28 20:43:20,n
decimator_2023-10-28_23.17.00_UTC.h5,-122.1861667,46.19933333,63.55424431,0.94,5.67,2023-10-28 23:17:38,n
decimator_2023-10-28_23.18.00_UTC.h5,-122.1838333,46.206,62.79521718,0.79,4.74,2023-10-28 23:18:36,n
decimator_2023-10-28_23.25.00_UTC.h5,-122.1821667,46.20183333,63.19065869,-0.24,6.02,2023-10-28 23:25:54,n
decimator_2023-10-29_11.20.00_UTC.h5,-122.1893333,46.19266667,64.33445868,0.28,1.03,2023-10-29 11:20:15,n
decimator_2023-10-29_11.58.00_UTC.h5,-122.2045,46.19283333,64.71070024,0.29,0.31,2023-10-29 11:58:46,n
decimator_2023-10-29_12.18.00_UTC.h5,-122.1821667,46.192,64.22512757,0.51,3.42,2023-10-29 12:18:49,n
decimator_2023-10-29_14.35.00_UTC.h5,-122.2071667,46.19533333,64.52128928,0.24,2.01,2023-10-29 14:35:57,n
decimator_2023-10-29_15.13.00_UTC.h5,-122.1923333,46.1865,65.05796307,0.17,4.43,2023-10-29 15:13:58,n
decimator_2023-10-29_18.23.00_UTC.h5,-121.7591667,46.84583333,6.840122181,0.24,1.06,2023-10-29 18:23:40,y
decimator_2023-10-29_19.58.00_UTC.h5,-122.2058333,46.19783333,64.2249658,0.15,8.36,2023-10-29 19:58:50,n
decimator_2023-10-29_22.43.00_UTC.h5,-122.1525,46.197,62.99584473,-0.2,2.73,2023-10-29 22:43:50,n
decimator_2023-10-30_01.48.00_UTC.h5,-121.7923333,46.85933333,8.781666684,-0.07,-2.39,2023-10-30 1:48:36,n
decimator_2023-10-30_02.55.00_UTC.h5,-122.1888333,46.19733333,63.83195031,0.06,7.06,2023-10-30 2:55:58,n
decimator_2023-10-30_04.49.00_UTC.h5,-122.1825,46.19733333,63.67213526,0.79,0.65,2023-10-30 4:49:08,n
decimator_2023-10-30_08.50.00_UTC.h5,-122.1965,46.17766667,66.09104398,0.12,4.64,2023-10-30 8:50:55,n
decimator_2023-10-30_10.54.00_UTC.h5,-122.2005,46.17216667,66.76993301,0.3,6.41,2023-10-30 10:54:40,n
decimator_2023-10-30_13.43.00_UTC.h5,-122.305,46.5165,38.81471278,0.89,17.73,2023-10-30 13:43:02,y
decimator_2023-10-30_21.37.00_UTC.h5,-121.9521667,46.88983333,16.80230513,0.48,9.45,2023-10-30 21:37:59,y
decimator_2023-10-31_00.15.00_UTC.h5,-121.9143333,46.82583333,9.348536683,0.03,2.65,2023-10-31 0:15:25,m
decimator_2023-10-31_05.57.00_UTC.h5,-120.5615,46.91983333,90.61641251,1.46,-0.88,2023-10-31 5:57:14,n
decimator_2023-10-31_05.57.00_UTC.h5,-120.5885,46.90183333,88.29186407,0.62,-0.84,2023-10-31 5:57:55,n
decimator_2023-10-31_08.07.00_UTC.h5,-120.5043333,46.89383333,94.51885421,0.4,-0.85,2023-10-31 8:07:42,n
decimator_2023-10-31_09.29.00_UTC.h5,-122.1906667,46.19766667,63.84387917,0.27,6.03,2023-10-31 9:29:32,n
decimator_2023-10-31_10.49.00_UTC.h5,-120.522,46.902,93.30055749,0.19,-0.77,2023-10-31 10:49:50,n
decimator_2023-10-31_10.49.00_UTC.h5,-120.5468333,46.895,91.32960651,0.49,-0.89,2023-10-31 10:49:58,n
decimator_2023-10-31_14.57.00_UTC.h5,-121.9265,47.55516667,86.72053127,1.31,19.17,2023-10-31 14:57:56,n
decimator_2023-10-31_15.55.00_UTC.h5,-122.1868333,46.1995,63.5536749,0.05,5.93,2023-10-31 15:55:03,n
decimator_2023-10-31_17.48.00_UTC.h5,-120.5738333,46.91533333,89.61337626,0.67,-0.89,2023-10-31 17:48:13,n
decimator_2023-10-31_17.55.00_UTC.h5,-122.1876667,46.1955,63.99473747,0.07,5.38,2023-10-31 17:55:54,n
decimator_2023-10-31_19.18.00_UTC.h5,-121.7663333,46.846,6.971393894,0.29,0.34,2023-10-31 19:18:27,y
decimator_2023-10-31_20.41.00_UTC.h5,-120.5433333,46.934,92.23574215,1.55,-0.87,2023-10-31 20:41:32,n
decimator_2023-10-31_22.23.00_UTC.h5,-122.1778333,46.2115,62.06581788,-0.01,7.04,2023-10-31 22:23:29,n
decimator_2023-10-31_23.10.00_UTC.h5,-122.1638333,46.22683333,60.10399712,-0.13,7.36,2023-10-31 23:10:34,n
decimator_2023-11-01_00.13.00_UTC.h5,-122.1915,46.20383333,63.2194365,-0.07,1.44,2023-11-01 0:13:13,n
decimator_2023-11-01_00.51.00_UTC.h5,-122.1821667,46.19583333,63.8216263,0.07,3.66,2023-11-01 0:51:03,n
decimator_2023-11-01_07.06.00_UTC.h5,-122.0125,46.8355,12.85814531,0.66,7.08,2023-11-01 7:07:00,y
decimator_2023-11-01_09.20.00_UTC.h5,-120.6763333,46.66783333,81.89831552,0.61,1.47,2023-11-01 9:20:28,n
decimator_2023-11-01_11.09.00_UTC.h5,-121.9366667,46.90066667,17.78825775,0.56,6.22,2023-11-01 11:09:29,y
decimator_2023-11-01_14.41.00_UTC.h5,-122.1943333,46.19183333,64.54951385,0.48,3.6,2023-11-01 14:41:24,n
decimator_2023-11-01_15.44.00_UTC.h5,-121.7645,46.84866667,7.227751197,0.74,-0.05,2023-11-01 15:44:32,y
decimator_2023-11-01_23.16.00_UTC.h5,-122.2145,46.203,63.92498097,0.6,2.97,2023-11-01 23:16:11,n
decimator_2023-11-02_01.59.00_UTC.h5,-121.9581667,46.87133333,14.87063527,0.43,8.98,2023-11-02 1:59:15,m
decimator_2023-11-02_04.39.00_UTC.h5,-122.1693333,46.118,71.78874726,1.06,10.3,2023-11-02 4:39:10,y
decimator_2023-11-02_07.00.00_UTC.h5,-121.9328333,47.55033333,86.26804272,0.96,20.69,2023-11-02 7:00:58,n
decimator_2023-11-02_21.36.00_UTC.h5,-121.7615,46.8545,7.819954616,0.65,1.47,2023-11-02 21:37:00,y
decimator_2023-11-02_23.38.00_UTC.h5,-121.9226667,46.8495,12.04113524,0.59,4.01,2023-11-02 23:38:16,n
decimator_2023-11-03_10.07.00_UTC.h5,-121.7481667,46.61066667,14.81450803,1.04,12.86,2023-11-03 10:07:49,y
decimator_2023-11-03_14.50.00_UTC.h5,-122.1826667,46.19916667,63.48351836,-0.07,2.68,2023-11-03 14:50:10,n
decimator_2023-11-03_17.13.00_UTC.h5,-122.1793333,46.20383333,62.90939553,0.66,3.86,2023-11-03 17:13:22,n
decimator_2023-11-03_17.26.00_UTC.h5,-122.1773333,46.21283333,61.91313112,0.31,7.4,2023-11-03 17:26:44,n
decimator_2023-11-03_17.54.00_UTC.h5,-122.1916667,46.1995,63.67749256,0.1,5.7,2023-11-03 17:54:10,n
decimator_2023-11-03_18.16.00_UTC.h5,-122.1803333,46.19933333,63.40772557,0.34,1.28,2023-11-03 18:16:19,n
decimator_2023-11-03_19.23.00_UTC.h5,-122.2003333,46.20533333,63.29575737,0.37,3.17,2023-11-03 19:23:37,n
decimator_2023-11-03_23.21.00_UTC.h5,-122.1903333,46.19633333,63.97514874,0.1,5.33,2023-11-03 23:21:57,n
decimator_2023-11-04_16.30.00_UTC.h5,-121.7635,46.855,7.902010755,0.66,1.09,2023-11-04 16:30:17,n
decimator_2023-11-04_21.49.00_UTC.h5,-122.1753333,46.2005,63.16139111,0.25,1.99,2023-11-04 21:49:22,n
decimator_2023-11-04_21.50.00_UTC.h5,-121.921,46.747,0.8033122419,0.95,1.95,2023-11-04 21:50:20,n
decimator_2023-11-04_21.51.00_UTC.h5,-122.184,46.20033333,63.39443032,0.53,2.64,2023-11-04 21:51:50,n
decimator_2023-11-05_05.47.00_UTC.h5,-122.1871667,46.19583333,63.94707915,0.24,4.27,2023-11-05 5:47:12,n
decimator_2023-11-05_17.08.00_UTC.h5,-121.9175,46.762,2.359837834,1.68,3.07,2023-11-05 17:08:30,y
decimator_2023-11-05_17.20.00_UTC.h5,-121.9198333,46.76083333,2.249292126,0.93,3.23,2023-11-05 17:20:27,y
decimator_2023-11-06_01.34.00_UTC.h5,-122.4868333,46.54083333,48.95605334,0.9,20.41,2023-11-06 1:34:01,n
decimator_2023-11-06_09.27.00_UTC.h5,-122.1858333,46.19616667,63.87840156,-0.02,3.67,2023-11-06 9:27:32,n
decimator_2023-11-06_18.39.00_UTC.h5,-122.1583333,46.4085,41.27941678,0.68,21.95,2023-11-06 18:39:45,n
decimator_2023-11-06_19.35.00_UTC.h5,-120.5268333,46.89716667,92.86746971,0.72,-0.92,2023-11-06 19:35:55,n
decimator_2023-11-06_19.36.00_UTC.h5,-120.545,46.92433333,91.93298009,0.47,-0.89,2023-11-06 19:36:27,n
decimator_2023-11-06_23.24.00_UTC.h5,-122.1933333,46.19933333,63.73807859,0.36,1.92,2023-11-06 23:24:11,n
decimator_2023-11-06_23.30.00_UTC.h5,-120.5445,46.92166667,91.92350865,1.48,-0.89,2023-11-06 23:30:01,n
decimator_2023-11-07_00.11.00_UTC.h5,-120.5448333,46.93433333,92.12988871,1.04,-0.73,2023-11-07 0:11:41,n
decimator_2023-11-07_03.12.00_UTC.h5,-122.1875,46.196,63.93801493,1.33,3.41,2023-11-07 3:12:48,n
decimator_2023-11-07_07.53.00_UTC.h5,-121.9375,46.829,9.946707624,0.76,9.17,2023-11-07 7:53:17,y
decimator_2023-11-08_02.44.00_UTC.h5,-122.1961667,46.18866667,64.92854762,0.41,4.82,2023-11-08 2:44:09,n
decimator_2023-11-08_04.26.00_UTC.h5,-122.19,46.19283333,64.33387691,0.33,7.83,2023-11-08 4:26:45,n
decimator_2023-11-08_16.50.00_UTC.h5,-122.2071667,46.19916667,64.12207035,-0.18,7.57,2023-11-08 16:50:26,n
decimator_2023-11-08_17.25.00_UTC.h5,-122.3636667,46.5275,41.633397,1.45,19.46,2023-11-08 17:25:14,y
decimator_2023-11-08_18.15.00_UTC.h5,-121.9031667,46.70116667,4.201980333,1.61,7.25,2023-11-08 18:15:25,y
decimator_2023-11-08_18.33.00_UTC.h5,-122.349,46.517,41.411673,0.84,19.54,2023-11-08 18:33:59,m
decimator_2023-11-08_20.09.00_UTC.h5,-122.1933333,46.1885,64.8734563,0.11,7.8,2023-11-08 20:09:29,n
decimator_2023-11-08_20.24.00_UTC.h5,-122.1876667,46.2,63.52242867,0.09,8.08,2023-11-08 20:24:03,n